[2026-07-24T07:49:17.924Z] ERROR: MongoDB initial connection failed: connect ECONNREFUSED ::1:27017, connect ECONNREFUSED 127.0.0.1:27017
[2026-07-24T09:56:29.659Z] ERROR: MongoDB initial connection failed: connect ECONNREFUSED ::1:27017, connect ECONNREFUSED 127.0.0.1:27017
[2026-07-24T09:56:29.675Z] ERROR: MongoDB initial connection failed: connect ECONNREFUSED ::1:27017, connect ECONNREFUSED 127.0.0.1:27017
[2026-07-24T10:03:31.717Z] ERROR: MongoDB initial connection failed: connect ECONNREFUSED ::1:27017, connect ECONNREFUSED 127.0.0.1:27017
[2026-07-24T10:03:31.730Z] ERROR: MongoDB initial connection failed: connect ECONNREFUSED ::1:27017, connect ECONNREFUSED 127.0.0.1:27017
[2026-07-24T10:04:24.700Z] ERROR: MongoDB initial connection failed: connect ECONNREFUSED ::1:27017, connect ECONNREFUSED 127.0.0.1:27017
[2026-07-24T10:04:24.702Z] ERROR: MongoDB initial connection failed: connect ECONNREFUSED ::1:27017, connect ECONNREFUSED 127.0.0.1:27017
[2026-07-24T10:04:57.038Z] ERROR: MongoDB initial connection failed: connect ECONNREFUSED ::1:27017, connect ECONNREFUSED 127.0.0.1:27017
[2026-07-24T10:04:57.038Z] ERROR: MongoDB initial connection failed: connect ECONNREFUSED ::1:27017, connect ECONNREFUSED 127.0.0.1:27017
[2026-07-24T10:05:28.460Z] ERROR: MongoDB initial connection failed: connect ECONNREFUSED ::1:27017, connect ECONNREFUSED 127.0.0.1:27017
[2026-07-24T10:05:28.456Z] ERROR: MongoDB initial connection failed: connect ECONNREFUSED ::1:27017, connect ECONNREFUSED 127.0.0.1:27017
[2026-07-24T10:49:29.812Z] ERROR: MongoDB initial connection failed: connect ECONNREFUSED ::1:27017, connect ECONNREFUSED 127.0.0.1:27017
[2026-07-24T10:49:29.806Z] ERROR: MongoDB initial connection failed: connect ECONNREFUSED ::1:27017, connect ECONNREFUSED 127.0.0.1:27017
[2026-07-24T11:51:50.365Z] ERROR: MongoDB initial connection failed: connect ECONNREFUSED ::1:27017, connect ECONNREFUSED 127.0.0.1:27017
[2026-07-24T11:51:50.365Z] ERROR: MongoDB initial connection failed: connect ECONNREFUSED ::1:27017, connect ECONNREFUSED 127.0.0.1:27017
[2026-07-24T11:52:04.910Z] ERROR: MongoDB initial connection failed: connect ECONNREFUSED ::1:27017, connect ECONNREFUSED 127.0.0.1:27017
[2026-07-24T12:12:35.351Z] ERROR: MongoDB initial connection failed: connect ECONNREFUSED ::1:27017, connect ECONNREFUSED 127.0.0.1:27017
[2026-07-24T12:12:35.351Z] ERROR: MongoDB initial connection failed: connect ECONNREFUSED ::1:27017, connect ECONNREFUSED 127.0.0.1:27017
[2026-07-24T12:16:43.761Z] ERROR: MongoDB initial connection failed: connect ECONNREFUSED ::1:27017, connect ECONNREFUSED 127.0.0.1:27017
[2026-07-24T12:16:43.775Z] ERROR: MongoDB initial connection failed: connect ECONNREFUSED ::1:27017, connect ECONNREFUSED 127.0.0.1:27017
[2026-07-24T12:20:43.092Z] ERROR: MongoDB initial connection failed: connect ECONNREFUSED ::1:27017, connect ECONNREFUSED 127.0.0.1:27017
[2026-07-24T12:20:43.092Z] ERROR: MongoDB initial connection failed: connect ECONNREFUSED ::1:27017, connect ECONNREFUSED 127.0.0.1:27017
[2026-07-24T12:31:59.999Z] ERROR: MongoDB initial connection failed: connect ECONNREFUSED ::1:27017, connect ECONNREFUSED 127.0.0.1:27017
[2026-07-24T12:32:00.000Z] ERROR: MongoDB initial connection failed: connect ECONNREFUSED ::1:27017, connect ECONNREFUSED 127.0.0.1:27017
[2026-07-24T12:54:55.655Z] ERROR: MongoDB initial connection failed: connect ECONNREFUSED ::1:27017, connect ECONNREFUSED 127.0.0.1:27017
[2026-07-24T13:26:02.846Z] INFO: PulseGuard AI backend running in development mode on port 5000
[2026-07-24T13:27:08.302Z] INFO: PulseGuard AI backend running in development mode on port 5000
[2026-07-24T13:27:19.913Z] INFO: PulseGuard AI backend running in development mode on port 5000
[2026-07-24T13:27:41.786Z] INFO: PulseGuard AI backend running in development mode on port 5000
[2026-07-24T13:31:28.409Z] INFO: PulseGuard AI backend running in development mode on port 5000
[2026-07-24T13:34:31.294Z] INFO: PulseGuard AI backend running in development mode on port 5000
[2026-07-24T13:37:07.739Z] ERROR: TypeError: authService.register is not a function
    at C:\Users\sapna jha\Downloads\PulseGuard-AI\backend\controllers\auth.controller.js:6:36
    at asyncUtilWrap (C:\Users\sapna jha\Downloads\PulseGuard-AI\backend\node_modules\express-async-handler\index.js:3:20)
    at Layer.handle [as handle_request] (C:\Users\sapna jha\Downloads\PulseGuard-AI\backend\node_modules\express\lib\router\layer.js:95:5)
    at next (C:\Users\sapna jha\Downloads\PulseGuard-AI\backend\node_modules\express\lib\router\route.js:149:13)
    at Route.dispatch (C:\Users\sapna jha\Downloads\PulseGuard-AI\backend\node_modules\express\lib\router\route.js:119:3)
    at Layer.handle [as handle_request] (C:\Users\sapna jha\Downloads\PulseGuard-AI\backend\node_modules\express\lib\router\layer.js:95:5)
    at C:\Users\sapna jha\Downloads\PulseGuard-AI\backend\node_modules\express\lib\router\index.js:284:15
    at router.process_params (C:\Users\sapna jha\Downloads\PulseGuard-AI\backend\node_modules\express\lib\router\index.js:346:12)
    at next (C:\Users\sapna jha\Downloads\PulseGuard-AI\backend\node_modules\express\lib\router\index.js:280:10)
    at router.handle (C:\Users\sapna jha\Downloads\PulseGuard-AI\backend\node_modules\express\lib\router\index.js:175:3)
[2026-07-24T13:37:09.247Z] ERROR: TypeError: authService.register is not a function
    at C:\Users\sapna jha\Downloads\PulseGuard-AI\backend\controllers\auth.controller.js:6:36
    at asyncUtilWrap (C:\Users\sapna jha\Downloads\PulseGuard-AI\backend\node_modules\express-async-handler\index.js:3:20)
    at Layer.handle [as handle_request] (C:\Users\sapna jha\Downloads\PulseGuard-AI\backend\node_modules\express\lib\router\layer.js:95:5)
    at next (C:\Users\sapna jha\Downloads\PulseGuard-AI\backend\node_modules\express\lib\router\route.js:149:13)
    at Route.dispatch (C:\Users\sapna jha\Downloads\PulseGuard-AI\backend\node_modules\express\lib\router\route.js:119:3)
    at Layer.handle [as handle_request] (C:\Users\sapna jha\Downloads\PulseGuard-AI\backend\node_modules\express\lib\router\layer.js:95:5)
    at C:\Users\sapna jha\Downloads\PulseGuard-AI\backend\node_modules\express\lib\router\index.js:284:15
    at router.process_params (C:\Users\sapna jha\Downloads\PulseGuard-AI\backend\node_modules\express\lib\router\index.js:346:12)
    at next (C:\Users\sapna jha\Downloads\PulseGuard-AI\backend\node_modules\express\lib\router\index.js:280:10)
    at router.handle (C:\Users\sapna jha\Downloads\PulseGuard-AI\backend\node_modules\express\lib\router\index.js:175:3)
[2026-07-24T13:37:10.045Z] ERROR: TypeError: authService.register is not a function
    at C:\Users\sapna jha\Downloads\PulseGuard-AI\backend\controllers\auth.controller.js:6:36
    at asyncUtilWrap (C:\Users\sapna jha\Downloads\PulseGuard-AI\backend\node_modules\express-async-handler\index.js:3:20)
    at Layer.handle [as handle_request] (C:\Users\sapna jha\Downloads\PulseGuard-AI\backend\node_modules\express\lib\router\layer.js:95:5)
    at next (C:\Users\sapna jha\Downloads\PulseGuard-AI\backend\node_modules\express\lib\router\route.js:149:13)
    at Route.dispatch (C:\Users\sapna jha\Downloads\PulseGuard-AI\backend\node_modules\express\lib\router\route.js:119:3)
    at Layer.handle [as handle_request] (C:\Users\sapna jha\Downloads\PulseGuard-AI\backend\node_modules\express\lib\router\layer.js:95:5)
    at C:\Users\sapna jha\Downloads\PulseGuard-AI\backend\node_modules\express\lib\router\index.js:284:15
    at router.process_params (C:\Users\sapna jha\Downloads\PulseGuard-AI\backend\node_modules\express\lib\router\index.js:346:12)
    at next (C:\Users\sapna jha\Downloads\PulseGuard-AI\backend\node_modules\express\lib\router\index.js:280:10)
    at router.handle (C:\Users\sapna jha\Downloads\PulseGuard-AI\backend\node_modules\express\lib\router\index.js:175:3)
[2026-07-24T13:37:10.278Z] ERROR: TypeError: authService.register is not a function
    at C:\Users\sapna jha\Downloads\PulseGuard-AI\backend\controllers\auth.controller.js:6:36
    at asyncUtilWrap (C:\Users\sapna jha\Downloads\PulseGuard-AI\backend\node_modules\express-async-handler\index.js:3:20)
    at Layer.handle [as handle_request] (C:\Users\sapna jha\Downloads\PulseGuard-AI\backend\node_modules\express\lib\router\layer.js:95:5)
    at next (C:\Users\sapna jha\Downloads\PulseGuard-AI\backend\node_modules\express\lib\router\route.js:149:13)
    at Route.dispatch (C:\Users\sapna jha\Downloads\PulseGuard-AI\backend\node_modules\express\lib\router\route.js:119:3)
    at Layer.handle [as handle_request] (C:\Users\sapna jha\Downloads\PulseGuard-AI\backend\node_modules\express\lib\router\layer.js:95:5)
    at C:\Users\sapna jha\Downloads\PulseGuard-AI\backend\node_modules\express\lib\router\index.js:284:15
    at router.process_params (C:\Users\sapna jha\Downloads\PulseGuard-AI\backend\node_modules\express\lib\router\index.js:346:12)
    at next (C:\Users\sapna jha\Downloads\PulseGuard-AI\backend\node_modules\express\lib\router\index.js:280:10)
    at router.handle (C:\Users\sapna jha\Downloads\PulseGuard-AI\backend\node_modules\express\lib\router\index.js:175:3)
[2026-07-24T13:37:10.581Z] ERROR: TypeError: authService.register is not a function
    at C:\Users\sapna jha\Downloads\PulseGuard-AI\backend\controllers\auth.controller.js:6:36
    at asyncUtilWrap (C:\Users\sapna jha\Downloads\PulseGuard-AI\backend\node_modules\express-async-handler\index.js:3:20)
    at Layer.handle [as handle_request] (C:\Users\sapna jha\Downloads\PulseGuard-AI\backend\node_modules\express\lib\router\layer.js:95:5)
    at next (C:\Users\sapna jha\Downloads\PulseGuard-AI\backend\node_modules\express\lib\router\route.js:149:13)
    at Route.dispatch (C:\Users\sapna jha\Downloads\PulseGuard-AI\backend\node_modules\express\lib\router\route.js:119:3)
    at Layer.handle [as handle_request] (C:\Users\sapna jha\Downloads\PulseGuard-AI\backend\node_modules\express\lib\router\layer.js:95:5)
    at C:\Users\sapna jha\Downloads\PulseGuard-AI\backend\node_modules\express\lib\router\index.js:284:15
    at router.process_params (C:\Users\sapna jha\Downloads\PulseGuard-AI\backend\node_modules\express\lib\router\index.js:346:12)
    at next (C:\Users\sapna jha\Downloads\PulseGuard-AI\backend\node_modules\express\lib\router\index.js:280:10)
    at router.handle (C:\Users\sapna jha\Downloads\PulseGuard-AI\backend\node_modules\express\lib\router\index.js:175:3)
[2026-07-24T13:37:11.004Z] ERROR: TypeError: authService.register is not a function
    at C:\Users\sapna jha\Downloads\PulseGuard-AI\backend\controllers\auth.controller.js:6:36
    at asyncUtilWrap (C:\Users\sapna jha\Downloads\PulseGuard-AI\backend\node_modules\express-async-handler\index.js:3:20)
    at Layer.handle [as handle_request] (C:\Users\sapna jha\Downloads\PulseGuard-AI\backend\node_modules\express\lib\router\layer.js:95:5)
    at next (C:\Users\sapna jha\Downloads\PulseGuard-AI\backend\node_modules\express\lib\router\route.js:149:13)
    at Route.dispatch (C:\Users\sapna jha\Downloads\PulseGuard-AI\backend\node_modules\express\lib\router\route.js:119:3)
    at Layer.handle [as handle_request] (C:\Users\sapna jha\Downloads\PulseGuard-AI\backend\node_modules\express\lib\router\layer.js:95:5)
    at C:\Users\sapna jha\Downloads\PulseGuard-AI\backend\node_modules\express\lib\router\index.js:284:15
    at router.process_params (C:\Users\sapna jha\Downloads\PulseGuard-AI\backend\node_modules\express\lib\router\index.js:346:12)
    at next (C:\Users\sapna jha\Downloads\PulseGuard-AI\backend\node_modules\express\lib\router\index.js:280:10)
    at router.handle (C:\Users\sapna jha\Downloads\PulseGuard-AI\backend\node_modules\express\lib\router\index.js:175:3)
[2026-07-24T13:37:11.372Z] ERROR: TypeError: authService.register is not a function
    at C:\Users\sapna jha\Downloads\PulseGuard-AI\backend\controllers\auth.controller.js:6:36
    at asyncUtilWrap (C:\Users\sapna jha\Downloads\PulseGuard-AI\backend\node_modules\express-async-handler\index.js:3:20)
    at Layer.handle [as handle_request] (C:\Users\sapna jha\Downloads\PulseGuard-AI\backend\node_modules\express\lib\router\layer.js:95:5)
    at next (C:\Users\sapna jha\Downloads\PulseGuard-AI\backend\node_modules\express\lib\router\route.js:149:13)
    at Route.dispatch (C:\Users\sapna jha\Downloads\PulseGuard-AI\backend\node_modules\express\lib\router\route.js:119:3)
    at Layer.handle [as handle_request] (C:\Users\sapna jha\Downloads\PulseGuard-AI\backend\node_modules\express\lib\router\layer.js:95:5)
    at C:\Users\sapna jha\Downloads\PulseGuard-AI\backend\node_modules\express\lib\router\index.js:284:15
    at router.process_params (C:\Users\sapna jha\Downloads\PulseGuard-AI\backend\node_modules\express\lib\router\index.js:346:12)
    at next (C:\Users\sapna jha\Downloads\PulseGuard-AI\backend\node_modules\express\lib\router\index.js:280:10)
    at router.handle (C:\Users\sapna jha\Downloads\PulseGuard-AI\backend\node_modules\express\lib\router\index.js:175:3)
[2026-07-24T13:38:07.879Z] INFO: PulseGuard AI backend running in development mode on port 5000
[2026-07-24T13:45:30.788Z] INFO: PulseGuard AI backend running in development mode on port 5000
[2026-07-24T13:45:42.075Z] INFO: PulseGuard AI backend running in development mode on port 5000
[2026-07-24T13:52:26.292Z] ERROR: TypeError: Cannot read properties of undefined (reading 'id')
    at C:\Users\sapna jha\Downloads\PulseGuard-AI\backend\controllers\risk.controller.js:31:59
    at asyncUtilWrap (C:\Users\sapna jha\Downloads\PulseGuard-AI\backend\node_modules\express-async-handler\index.js:3:20)
    at Layer.handle [as handle_request] (C:\Users\sapna jha\Downloads\PulseGuard-AI\backend\node_modules\express\lib\router\layer.js:95:5)
    at next (C:\Users\sapna jha\Downloads\PulseGuard-AI\backend\node_modules\express\lib\router\route.js:149:13)
    at Route.dispatch (C:\Users\sapna jha\Downloads\PulseGuard-AI\backend\node_modules\express\lib\router\route.js:119:3)
    at Layer.handle [as handle_request] (C:\Users\sapna jha\Downloads\PulseGuard-AI\backend\node_modules\express\lib\router\layer.js:95:5)
    at C:\Users\sapna jha\Downloads\PulseGuard-AI\backend\node_modules\express\lib\router\index.js:284:15
    at router.process_params (C:\Users\sapna jha\Downloads\PulseGuard-AI\backend\node_modules\express\lib\router\index.js:346:12)
    at next (C:\Users\sapna jha\Downloads\PulseGuard-AI\backend\node_modules\express\lib\router\index.js:280:10)
    at router.handle (C:\Users\sapna jha\Downloads\PulseGuard-AI\backend\node_modules\express\lib\router\index.js:175:3)
[2026-07-24T13:52:26.296Z] ERROR: TypeError: Cannot read properties of undefined (reading 'id')
    at C:\Users\sapna jha\Downloads\PulseGuard-AI\backend\controllers\alert.controller.js:17:60
    at asyncUtilWrap (C:\Users\sapna jha\Downloads\PulseGuard-AI\backend\node_modules\express-async-handler\index.js:3:20)
    at Layer.handle [as handle_request] (C:\Users\sapna jha\Downloads\PulseGuard-AI\backend\node_modules\express\lib\router\layer.js:95:5)
    at next (C:\Users\sapna jha\Downloads\PulseGuard-AI\backend\node_modules\express\lib\router\route.js:149:13)
    at next (C:\Users\sapna jha\Downloads\PulseGuard-AI\backend\node_modules\express\lib\router\route.js:145:7)
    at Route.dispatch (C:\Users\sapna jha\Downloads\PulseGuard-AI\backend\node_modules\express\lib\router\route.js:119:3)
    at Layer.handle [as handle_request] (C:\Users\sapna jha\Downloads\PulseGuard-AI\backend\node_modules\express\lib\router\layer.js:95:5)
    at C:\Users\sapna jha\Downloads\PulseGuard-AI\backend\node_modules\express\lib\router\index.js:284:15
    at router.process_params (C:\Users\sapna jha\Downloads\PulseGuard-AI\backend\node_modules\express\lib\router\index.js:346:12)
    at next (C:\Users\sapna jha\Downloads\PulseGuard-AI\backend\node_modules\express\lib\router\index.js:280:10)
[2026-07-24T13:52:26.300Z] ERROR: TypeError: Cannot read properties of undefined (reading 'id')
    at C:\Users\sapna jha\Downloads\PulseGuard-AI\backend\controllers\risk.controller.js:31:59
    at asyncUtilWrap (C:\Users\sapna jha\Downloads\PulseGuard-AI\backend\node_modules\express-async-handler\index.js:3:20)
    at Layer.handle [as handle_request] (C:\Users\sapna jha\Downloads\PulseGuard-AI\backend\node_modules\express\lib\router\layer.js:95:5)
    at next (C:\Users\sapna jha\Downloads\PulseGuard-AI\backend\node_modules\express\lib\router\route.js:149:13)
    at Route.dispatch (C:\Users\sapna jha\Downloads\PulseGuard-AI\backend\node_modules\express\lib\router\route.js:119:3)
    at Layer.handle [as handle_request] (C:\Users\sapna jha\Downloads\PulseGuard-AI\backend\node_modules\express\lib\router\layer.js:95:5)
    at C:\Users\sapna jha\Downloads\PulseGuard-AI\backend\node_modules\express\lib\router\index.js:284:15
    at router.process_params (C:\Users\sapna jha\Downloads\PulseGuard-AI\backend\node_modules\express\lib\router\index.js:346:12)
    at next (C:\Users\sapna jha\Downloads\PulseGuard-AI\backend\node_modules\express\lib\router\index.js:280:10)
    at router.handle (C:\Users\sapna jha\Downloads\PulseGuard-AI\backend\node_modules\express\lib\router\index.js:175:3)
[2026-07-24T13:52:26.303Z] ERROR: TypeError: Cannot read properties of undefined (reading 'id')
    at C:\Users\sapna jha\Downloads\PulseGuard-AI\backend\controllers\alert.controller.js:17:60
    at asyncUtilWrap (C:\Users\sapna jha\Downloads\PulseGuard-AI\backend\node_modules\express-async-handler\index.js:3:20)
    at Layer.handle [as handle_request] (C:\Users\sapna jha\Downloads\PulseGuard-AI\backend\node_modules\express\lib\router\layer.js:95:5)
    at next (C:\Users\sapna jha\Downloads\PulseGuard-AI\backend\node_modules\express\lib\router\route.js:149:13)
    at next (C:\Users\sapna jha\Downloads\PulseGuard-AI\backend\node_modules\express\lib\router\route.js:145:7)
    at Route.dispatch (C:\Users\sapna jha\Downloads\PulseGuard-AI\backend\node_modules\express\lib\router\route.js:119:3)
    at Layer.handle [as handle_request] (C:\Users\sapna jha\Downloads\PulseGuard-AI\backend\node_modules\express\lib\router\layer.js:95:5)
    at C:\Users\sapna jha\Downloads\PulseGuard-AI\backend\node_modules\express\lib\router\index.js:284:15
    at router.process_params (C:\Users\sapna jha\Downloads\PulseGuard-AI\backend\node_modules\express\lib\router\index.js:346:12)
    at next (C:\Users\sapna jha\Downloads\PulseGuard-AI\backend\node_modules\express\lib\router\index.js:280:10)
[2026-07-24T13:52:27.180Z] ERROR: TypeError: Cannot read properties of undefined (reading 'id')
    at C:\Users\sapna jha\Downloads\PulseGuard-AI\backend\controllers\risk.controller.js:31:59
    at asyncUtilWrap (C:\Users\sapna jha\Downloads\PulseGuard-AI\backend\node_modules\express-async-handler\index.js:3:20)
    at Layer.handle [as handle_request] (C:\Users\sapna jha\Downloads\PulseGuard-AI\backend\node_modules\express\lib\router\layer.js:95:5)
    at next (C:\Users\sapna jha\Downloads\PulseGuard-AI\backend\node_modules\express\lib\router\route.js:149:13)
    at Route.dispatch (C:\Users\sapna jha\Downloads\PulseGuard-AI\backend\node_modules\express\lib\router\route.js:119:3)
    at Layer.handle [as handle_request] (C:\Users\sapna jha\Downloads\PulseGuard-AI\backend\node_modules\express\lib\router\layer.js:95:5)
    at C:\Users\sapna jha\Downloads\PulseGuard-AI\backend\node_modules\express\lib\router\index.js:284:15
    at router.process_params (C:\Users\sapna jha\Downloads\PulseGuard-AI\backend\node_modules\express\lib\router\index.js:346:12)
    at next (C:\Users\sapna jha\Downloads\PulseGuard-AI\backend\node_modules\express\lib\router\index.js:280:10)
    at router.handle (C:\Users\sapna jha\Downloads\PulseGuard-AI\backend\node_modules\express\lib\router\index.js:175:3)
[2026-07-24T13:52:27.181Z] ERROR: TypeError: Cannot read properties of undefined (reading 'id')
    at C:\Users\sapna jha\Downloads\PulseGuard-AI\backend\controllers\alert.controller.js:17:60
    at asyncUtilWrap (C:\Users\sapna jha\Downloads\PulseGuard-AI\backend\node_modules\express-async-handler\index.js:3:20)
    at Layer.handle [as handle_request] (C:\Users\sapna jha\Downloads\PulseGuard-AI\backend\node_modules\express\lib\router\layer.js:95:5)
    at next (C:\Users\sapna jha\Downloads\PulseGuard-AI\backend\node_modules\express\lib\router\route.js:149:13)
    at next (C:\Users\sapna jha\Downloads\PulseGuard-AI\backend\node_modules\express\lib\router\route.js:145:7)
    at Route.dispatch (C:\Users\sapna jha\Downloads\PulseGuard-AI\backend\node_modules\express\lib\router\route.js:119:3)
    at Layer.handle [as handle_request] (C:\Users\sapna jha\Downloads\PulseGuard-AI\backend\node_modules\express\lib\router\layer.js:95:5)
    at C:\Users\sapna jha\Downloads\PulseGuard-AI\backend\node_modules\express\lib\router\index.js:284:15
    at router.process_params (C:\Users\sapna jha\Downloads\PulseGuard-AI\backend\node_modules\express\lib\router\index.js:346:12)
    at next (C:\Users\sapna jha\Downloads\PulseGuard-AI\backend\node_modules\express\lib\router\index.js:280:10)
[2026-07-24T13:52:27.182Z] ERROR: TypeError: Cannot read properties of undefined (reading 'id')
    at C:\Users\sapna jha\Downloads\PulseGuard-AI\backend\controllers\risk.controller.js:31:59
    at asyncUtilWrap (C:\Users\sapna jha\Downloads\PulseGuard-AI\backend\node_modules\express-async-handler\index.js:3:20)
    at Layer.handle [as handle_request] (C:\Users\sapna jha\Downloads\PulseGuard-AI\backend\node_modules\express\lib\router\layer.js:95:5)
    at next (C:\Users\sapna jha\Downloads\PulseGuard-AI\backend\node_modules\express\lib\router\route.js:149:13)
    at Route.dispatch (C:\Users\sapna jha\Downloads\PulseGuard-AI\backend\node_modules\express\lib\router\route.js:119:3)
    at Layer.handle [as handle_request] (C:\Users\sapna jha\Downloads\PulseGuard-AI\backend\node_modules\express\lib\router\layer.js:95:5)
    at C:\Users\sapna jha\Downloads\PulseGuard-AI\backend\node_modules\express\lib\router\index.js:284:15
    at router.process_params (C:\Users\sapna jha\Downloads\PulseGuard-AI\backend\node_modules\express\lib\router\index.js:346:12)
    at next (C:\Users\sapna jha\Downloads\PulseGuard-AI\backend\node_modules\express\lib\router\index.js:280:10)
    at router.handle (C:\Users\sapna jha\Downloads\PulseGuard-AI\backend\node_modules\express\lib\router\index.js:175:3)
[2026-07-24T13:52:27.184Z] ERROR: TypeError: Cannot read properties of undefined (reading 'id')
    at C:\Users\sapna jha\Downloads\PulseGuard-AI\backend\controllers\alert.controller.js:17:60
    at asyncUtilWrap (C:\Users\sapna jha\Downloads\PulseGuard-AI\backend\node_modules\express-async-handler\index.js:3:20)
    at Layer.handle [as handle_request] (C:\Users\sapna jha\Downloads\PulseGuard-AI\backend\node_modules\express\lib\router\layer.js:95:5)
    at next (C:\Users\sapna jha\Downloads\PulseGuard-AI\backend\node_modules\express\lib\router\route.js:149:13)
    at next (C:\Users\sapna jha\Downloads\PulseGuard-AI\backend\node_modules\express\lib\router\route.js:145:7)
    at Route.dispatch (C:\Users\sapna jha\Downloads\PulseGuard-AI\backend\node_modules\express\lib\router\route.js:119:3)
    at Layer.handle [as handle_request] (C:\Users\sapna jha\Downloads\PulseGuard-AI\backend\node_modules\express\lib\router\layer.js:95:5)
    at C:\Users\sapna jha\Downloads\PulseGuard-AI\backend\node_modules\express\lib\router\index.js:284:15
    at router.process_params (C:\Users\sapna jha\Downloads\PulseGuard-AI\backend\node_modules\express\lib\router\index.js:346:12)
    at next (C:\Users\sapna jha\Downloads\PulseGuard-AI\backend\node_modules\express\lib\router\index.js:280:10)
[2026-07-24T13:52:27.483Z] ERROR: TypeError: Cannot read properties of undefined (reading 'id')
    at C:\Users\sapna jha\Downloads\PulseGuard-AI\backend\controllers\risk.controller.js:31:59
    at asyncUtilWrap (C:\Users\sapna jha\Downloads\PulseGuard-AI\backend\node_modules\express-async-handler\index.js:3:20)
    at Layer.handle [as handle_request] (C:\Users\sapna jha\Downloads\PulseGuard-AI\backend\node_modules\express\lib\router\layer.js:95:5)
    at next (C:\Users\sapna jha\Downloads\PulseGuard-AI\backend\node_modules\express\lib\router\route.js:149:13)
    at Route.dispatch (C:\Users\sapna jha\Downloads\PulseGuard-AI\backend\node_modules\express\lib\router\route.js:119:3)
    at Layer.handle [as handle_request] (C:\Users\sapna jha\Downloads\PulseGuard-AI\backend\node_modules\express\lib\router\layer.js:95:5)
    at C:\Users\sapna jha\Downloads\PulseGuard-AI\backend\node_modules\express\lib\router\index.js:284:15
    at router.process_params (C:\Users\sapna jha\Downloads\PulseGuard-AI\backend\node_modules\express\lib\router\index.js:346:12)
    at next (C:\Users\sapna jha\Downloads\PulseGuard-AI\backend\node_modules\express\lib\router\index.js:280:10)
    at router.handle (C:\Users\sapna jha\Downloads\PulseGuard-AI\backend\node_modules\express\lib\router\index.js:175:3)
[2026-07-24T13:52:27.484Z] ERROR: TypeError: Cannot read properties of undefined (reading 'id')
    at C:\Users\sapna jha\Downloads\PulseGuard-AI\backend\controllers\alert.controller.js:17:60
    at asyncUtilWrap (C:\Users\sapna jha\Downloads\PulseGuard-AI\backend\node_modules\express-async-handler\index.js:3:20)
    at Layer.handle [as handle_request] (C:\Users\sapna jha\Downloads\PulseGuard-AI\backend\node_modules\express\lib\router\layer.js:95:5)
    at next (C:\Users\sapna jha\Downloads\PulseGuard-AI\backend\node_modules\express\lib\router\route.js:149:13)
    at next (C:\Users\sapna jha\Downloads\PulseGuard-AI\backend\node_modules\express\lib\router\route.js:145:7)
    at Route.dispatch (C:\Users\sapna jha\Downloads\PulseGuard-AI\backend\node_modules\express\lib\router\route.js:119:3)
    at Layer.handle [as handle_request] (C:\Users\sapna jha\Downloads\PulseGuard-AI\backend\node_modules\express\lib\router\layer.js:95:5)
    at C:\Users\sapna jha\Downloads\PulseGuard-AI\backend\node_modules\express\lib\router\index.js:284:15
    at router.process_params (C:\Users\sapna jha\Downloads\PulseGuard-AI\backend\node_modules\express\lib\router\index.js:346:12)
    at next (C:\Users\sapna jha\Downloads\PulseGuard-AI\backend\node_modules\express\lib\router\index.js:280:10)
[2026-07-24T13:52:27.485Z] ERROR: TypeError: Cannot read properties of undefined (reading 'id')
    at C:\Users\sapna jha\Downloads\PulseGuard-AI\backend\controllers\risk.controller.js:31:59
    at asyncUtilWrap (C:\Users\sapna jha\Downloads\PulseGuard-AI\backend\node_modules\express-async-handler\index.js:3:20)
    at Layer.handle [as handle_request] (C:\Users\sapna jha\Downloads\PulseGuard-AI\backend\node_modules\express\lib\router\layer.js:95:5)
    at next (C:\Users\sapna jha\Downloads\PulseGuard-AI\backend\node_modules\express\lib\router\route.js:149:13)
    at Route.dispatch (C:\Users\sapna jha\Downloads\PulseGuard-AI\backend\node_modules\express\lib\router\route.js:119:3)
    at Layer.handle [as handle_request] (C:\Users\sapna jha\Downloads\PulseGuard-AI\backend\node_modules\express\lib\router\layer.js:95:5)
    at C:\Users\sapna jha\Downloads\PulseGuard-AI\backend\node_modules\express\lib\router\index.js:284:15
    at router.process_params (C:\Users\sapna jha\Downloads\PulseGuard-AI\backend\node_modules\express\lib\router\index.js:346:12)
    at next (C:\Users\sapna jha\Downloads\PulseGuard-AI\backend\node_modules\express\lib\router\index.js:280:10)
    at router.handle (C:\Users\sapna jha\Downloads\PulseGuard-AI\backend\node_modules\express\lib\router\index.js:175:3)
[2026-07-24T13:52:27.486Z] ERROR: TypeError: Cannot read properties of undefined (reading 'id')
    at C:\Users\sapna jha\Downloads\PulseGuard-AI\backend\controllers\alert.controller.js:17:60
    at asyncUtilWrap (C:\Users\sapna jha\Downloads\PulseGuard-AI\backend\node_modules\express-async-handler\index.js:3:20)
    at Layer.handle [as handle_request] (C:\Users\sapna jha\Downloads\PulseGuard-AI\backend\node_modules\express\lib\router\layer.js:95:5)
    at next (C:\Users\sapna jha\Downloads\PulseGuard-AI\backend\node_modules\express\lib\router\route.js:149:13)
    at next (C:\Users\sapna jha\Downloads\PulseGuard-AI\backend\node_modules\express\lib\router\route.js:145:7)
    at Route.dispatch (C:\Users\sapna jha\Downloads\PulseGuard-AI\backend\node_modules\express\lib\router\route.js:119:3)
    at Layer.handle [as handle_request] (C:\Users\sapna jha\Downloads\PulseGuard-AI\backend\node_modules\express\lib\router\layer.js:95:5)
    at C:\Users\sapna jha\Downloads\PulseGuard-AI\backend\node_modules\express\lib\router\index.js:284:15
    at router.process_params (C:\Users\sapna jha\Downloads\PulseGuard-AI\backend\node_modules\express\lib\router\index.js:346:12)
    at next (C:\Users\sapna jha\Downloads\PulseGuard-AI\backend\node_modules\express\lib\router\index.js:280:10)
[2026-07-24T13:53:19.008Z] ERROR: TypeError: Cannot read properties of undefined (reading 'id')
    at C:\Users\sapna jha\Downloads\PulseGuard-AI\backend\controllers\risk.controller.js:31:59
    at asyncUtilWrap (C:\Users\sapna jha\Downloads\PulseGuard-AI\backend\node_modules\express-async-handler\index.js:3:20)
    at Layer.handle [as handle_request] (C:\Users\sapna jha\Downloads\PulseGuard-AI\backend\node_modules\express\lib\router\layer.js:95:5)
    at next (C:\Users\sapna jha\Downloads\PulseGuard-AI\backend\node_modules\express\lib\router\route.js:149:13)
    at Route.dispatch (C:\Users\sapna jha\Downloads\PulseGuard-AI\backend\node_modules\express\lib\router\route.js:119:3)
    at Layer.handle [as handle_request] (C:\Users\sapna jha\Downloads\PulseGuard-AI\backend\node_modules\express\lib\router\layer.js:95:5)
    at C:\Users\sapna jha\Downloads\PulseGuard-AI\backend\node_modules\express\lib\router\index.js:284:15
    at router.process_params (C:\Users\sapna jha\Downloads\PulseGuard-AI\backend\node_modules\express\lib\router\index.js:346:12)
    at next (C:\Users\sapna jha\Downloads\PulseGuard-AI\backend\node_modules\express\lib\router\index.js:280:10)
    at router.handle (C:\Users\sapna jha\Downloads\PulseGuard-AI\backend\node_modules\express\lib\router\index.js:175:3)
[2026-07-24T13:53:19.016Z] ERROR: TypeError: Cannot read properties of undefined (reading 'id')
    at C:\Users\sapna jha\Downloads\PulseGuard-AI\backend\controllers\alert.controller.js:17:60
    at asyncUtilWrap (C:\Users\sapna jha\Downloads\PulseGuard-AI\backend\node_modules\express-async-handler\index.js:3:20)
    at Layer.handle [as handle_request] (C:\Users\sapna jha\Downloads\PulseGuard-AI\backend\node_modules\express\lib\router\layer.js:95:5)
    at next (C:\Users\sapna jha\Downloads\PulseGuard-AI\backend\node_modules\express\lib\router\route.js:149:13)
    at next (C:\Users\sapna jha\Downloads\PulseGuard-AI\backend\node_modules\express\lib\router\route.js:145:7)
    at Route.dispatch (C:\Users\sapna jha\Downloads\PulseGuard-AI\backend\node_modules\express\lib\router\route.js:119:3)
    at Layer.handle [as handle_request] (C:\Users\sapna jha\Downloads\PulseGuard-AI\backend\node_modules\express\lib\router\layer.js:95:5)
    at C:\Users\sapna jha\Downloads\PulseGuard-AI\backend\node_modules\express\lib\router\index.js:284:15
    at router.process_params (C:\Users\sapna jha\Downloads\PulseGuard-AI\backend\node_modules\express\lib\router\index.js:346:12)
    at next (C:\Users\sapna jha\Downloads\PulseGuard-AI\backend\node_modules\express\lib\router\index.js:280:10)
[2026-07-24T13:53:19.030Z] ERROR: TypeError: Cannot read properties of undefined (reading 'id')
    at C:\Users\sapna jha\Downloads\PulseGuard-AI\backend\controllers\risk.controller.js:31:59
    at asyncUtilWrap (C:\Users\sapna jha\Downloads\PulseGuard-AI\backend\node_modules\express-async-handler\index.js:3:20)
    at Layer.handle [as handle_request] (C:\Users\sapna jha\Downloads\PulseGuard-AI\backend\node_modules\express\lib\router\layer.js:95:5)
    at next (C:\Users\sapna jha\Downloads\PulseGuard-AI\backend\node_modules\express\lib\router\route.js:149:13)
    at Route.dispatch (C:\Users\sapna jha\Downloads\PulseGuard-AI\backend\node_modules\express\lib\router\route.js:119:3)
    at Layer.handle [as handle_request] (C:\Users\sapna jha\Downloads\PulseGuard-AI\backend\node_modules\express\lib\router\layer.js:95:5)
    at C:\Users\sapna jha\Downloads\PulseGuard-AI\backend\node_modules\express\lib\router\index.js:284:15
    at router.process_params (C:\Users\sapna jha\Downloads\PulseGuard-AI\backend\node_modules\express\lib\router\index.js:346:12)
    at next (C:\Users\sapna jha\Downloads\PulseGuard-AI\backend\node_modules\express\lib\router\index.js:280:10)
    at router.handle (C:\Users\sapna jha\Downloads\PulseGuard-AI\backend\node_modules\express\lib\router\index.js:175:3)
[2026-07-24T13:53:19.045Z] ERROR: TypeError: Cannot read properties of undefined (reading 'id')
    at C:\Users\sapna jha\Downloads\PulseGuard-AI\backend\controllers\alert.controller.js:17:60
    at asyncUtilWrap (C:\Users\sapna jha\Downloads\PulseGuard-AI\backend\node_modules\express-async-handler\index.js:3:20)
    at Layer.handle [as handle_request] (C:\Users\sapna jha\Downloads\PulseGuard-AI\backend\node_modules\express\lib\router\layer.js:95:5)
    at next (C:\Users\sapna jha\Downloads\PulseGuard-AI\backend\node_modules\express\lib\router\route.js:149:13)
    at next (C:\Users\sapna jha\Downloads\PulseGuard-AI\backend\node_modules\express\lib\router\route.js:145:7)
    at Route.dispatch (C:\Users\sapna jha\Downloads\PulseGuard-AI\backend\node_modules\express\lib\router\route.js:119:3)
    at Layer.handle [as handle_request] (C:\Users\sapna jha\Downloads\PulseGuard-AI\backend\node_modules\express\lib\router\layer.js:95:5)
    at C:\Users\sapna jha\Downloads\PulseGuard-AI\backend\node_modules\express\lib\router\index.js:284:15
    at router.process_params (C:\Users\sapna jha\Downloads\PulseGuard-AI\backend\node_modules\express\lib\router\index.js:346:12)
    at next (C:\Users\sapna jha\Downloads\PulseGuard-AI\backend\node_modules\express\lib\router\index.js:280:10)
[2026-07-24T13:53:21.813Z] ERROR: TypeError: Cannot read properties of undefined (reading 'id')
    at C:\Users\sapna jha\Downloads\PulseGuard-AI\backend\controllers\risk.controller.js:31:59
    at asyncUtilWrap (C:\Users\sapna jha\Downloads\PulseGuard-AI\backend\node_modules\express-async-handler\index.js:3:20)
    at Layer.handle [as handle_request] (C:\Users\sapna jha\Downloads\PulseGuard-AI\backend\node_modules\express\lib\router\layer.js:95:5)
    at next (C:\Users\sapna jha\Downloads\PulseGuard-AI\backend\node_modules\express\lib\router\route.js:149:13)
    at Route.dispatch (C:\Users\sapna jha\Downloads\PulseGuard-AI\backend\node_modules\express\lib\router\route.js:119:3)
    at Layer.handle [as handle_request] (C:\Users\sapna jha\Downloads\PulseGuard-AI\backend\node_modules\express\lib\router\layer.js:95:5)
    at C:\Users\sapna jha\Downloads\PulseGuard-AI\backend\node_modules\express\lib\router\index.js:284:15
    at router.process_params (C:\Users\sapna jha\Downloads\PulseGuard-AI\backend\node_modules\express\lib\router\index.js:346:12)
    at next (C:\Users\sapna jha\Downloads\PulseGuard-AI\backend\node_modules\express\lib\router\index.js:280:10)
    at router.handle (C:\Users\sapna jha\Downloads\PulseGuard-AI\backend\node_modules\express\lib\router\index.js:175:3)
[2026-07-24T13:53:21.817Z] ERROR: TypeError: Cannot read properties of undefined (reading 'id')
    at C:\Users\sapna jha\Downloads\PulseGuard-AI\backend\controllers\alert.controller.js:17:60
    at asyncUtilWrap (C:\Users\sapna jha\Downloads\PulseGuard-AI\backend\node_modules\express-async-handler\index.js:3:20)
    at Layer.handle [as handle_request] (C:\Users\sapna jha\Downloads\PulseGuard-AI\backend\node_modules\express\lib\router\layer.js:95:5)
    at next (C:\Users\sapna jha\Downloads\PulseGuard-AI\backend\node_modules\express\lib\router\route.js:149:13)
    at next (C:\Users\sapna jha\Downloads\PulseGuard-AI\backend\node_modules\express\lib\router\route.js:145:7)
    at Route.dispatch (C:\Users\sapna jha\Downloads\PulseGuard-AI\backend\node_modules\express\lib\router\route.js:119:3)
    at Layer.handle [as handle_request] (C:\Users\sapna jha\Downloads\PulseGuard-AI\backend\node_modules\express\lib\router\layer.js:95:5)
    at C:\Users\sapna jha\Downloads\PulseGuard-AI\backend\node_modules\express\lib\router\index.js:284:15
    at router.process_params (C:\Users\sapna jha\Downloads\PulseGuard-AI\backend\node_modules\express\lib\router\index.js:346:12)
    at next (C:\Users\sapna jha\Downloads\PulseGuard-AI\backend\node_modules\express\lib\router\index.js:280:10)
[2026-07-24T13:58:52.743Z] ERROR: TypeError: Cannot read properties of undefined (reading 'id')
    at C:\Users\sapna jha\Downloads\PulseGuard-AI\backend\controllers\risk.controller.js:31:59
    at asyncUtilWrap (C:\Users\sapna jha\Downloads\PulseGuard-AI\backend\node_modules\express-async-handler\index.js:3:20)
    at Layer.handle [as handle_request] (C:\Users\sapna jha\Downloads\PulseGuard-AI\backend\node_modules\express\lib\router\layer.js:95:5)
    at next (C:\Users\sapna jha\Downloads\PulseGuard-AI\backend\node_modules\express\lib\router\route.js:149:13)
    at Route.dispatch (C:\Users\sapna jha\Downloads\PulseGuard-AI\backend\node_modules\express\lib\router\route.js:119:3)
    at Layer.handle [as handle_request] (C:\Users\sapna jha\Downloads\PulseGuard-AI\backend\node_modules\express\lib\router\layer.js:95:5)
    at C:\Users\sapna jha\Downloads\PulseGuard-AI\backend\node_modules\express\lib\router\index.js:284:15
    at router.process_params (C:\Users\sapna jha\Downloads\PulseGuard-AI\backend\node_modules\express\lib\router\index.js:346:12)
    at next (C:\Users\sapna jha\Downloads\PulseGuard-AI\backend\node_modules\express\lib\router\index.js:280:10)
    at router.handle (C:\Users\sapna jha\Downloads\PulseGuard-AI\backend\node_modules\express\lib\router\index.js:175:3)
[2026-07-24T13:58:52.744Z] ERROR: TypeError: Cannot read properties of undefined (reading 'id')
    at C:\Users\sapna jha\Downloads\PulseGuard-AI\backend\controllers\alert.controller.js:17:60
    at asyncUtilWrap (C:\Users\sapna jha\Downloads\PulseGuard-AI\backend\node_modules\express-async-handler\index.js:3:20)
    at Layer.handle [as handle_request] (C:\Users\sapna jha\Downloads\PulseGuard-AI\backend\node_modules\express\lib\router\layer.js:95:5)
    at next (C:\Users\sapna jha\Downloads\PulseGuard-AI\backend\node_modules\express\lib\router\route.js:149:13)
    at next (C:\Users\sapna jha\Downloads\PulseGuard-AI\backend\node_modules\express\lib\router\route.js:145:7)
    at Route.dispatch (C:\Users\sapna jha\Downloads\PulseGuard-AI\backend\node_modules\express\lib\router\route.js:119:3)
    at Layer.handle [as handle_request] (C:\Users\sapna jha\Downloads\PulseGuard-AI\backend\node_modules\express\lib\router\layer.js:95:5)
    at C:\Users\sapna jha\Downloads\PulseGuard-AI\backend\node_modules\express\lib\router\index.js:284:15
    at router.process_params (C:\Users\sapna jha\Downloads\PulseGuard-AI\backend\node_modules\express\lib\router\index.js:346:12)
    at next (C:\Users\sapna jha\Downloads\PulseGuard-AI\backend\node_modules\express\lib\router\index.js:280:10)
[2026-07-24T13:58:52.744Z] ERROR: TypeError: Cannot read properties of undefined (reading 'id')
    at C:\Users\sapna jha\Downloads\PulseGuard-AI\backend\controllers\risk.controller.js:31:59
    at asyncUtilWrap (C:\Users\sapna jha\Downloads\PulseGuard-AI\backend\node_modules\express-async-handler\index.js:3:20)
    at Layer.handle [as handle_request] (C:\Users\sapna jha\Downloads\PulseGuard-AI\backend\node_modules\express\lib\router\layer.js:95:5)
    at next (C:\Users\sapna jha\Downloads\PulseGuard-AI\backend\node_modules\express\lib\router\route.js:149:13)
    at Route.dispatch (C:\Users\sapna jha\Downloads\PulseGuard-AI\backend\node_modules\express\lib\router\route.js:119:3)
    at Layer.handle [as handle_request] (C:\Users\sapna jha\Downloads\PulseGuard-AI\backend\node_modules\express\lib\router\layer.js:95:5)
    at C:\Users\sapna jha\Downloads\PulseGuard-AI\backend\node_modules\express\lib\router\index.js:284:15
    at router.process_params (C:\Users\sapna jha\Downloads\PulseGuard-AI\backend\node_modules\express\lib\router\index.js:346:12)
    at next (C:\Users\sapna jha\Downloads\PulseGuard-AI\backend\node_modules\express\lib\router\index.js:280:10)
    at router.handle (C:\Users\sapna jha\Downloads\PulseGuard-AI\backend\node_modules\express\lib\router\index.js:175:3)
[2026-07-24T13:58:52.745Z] ERROR: TypeError: Cannot read properties of undefined (reading 'id')
    at C:\Users\sapna jha\Downloads\PulseGuard-AI\backend\controllers\alert.controller.js:17:60
    at asyncUtilWrap (C:\Users\sapna jha\Downloads\PulseGuard-AI\backend\node_modules\express-async-handler\index.js:3:20)
    at Layer.handle [as handle_request] (C:\Users\sapna jha\Downloads\PulseGuard-AI\backend\node_modules\express\lib\router\layer.js:95:5)
    at next (C:\Users\sapna jha\Downloads\PulseGuard-AI\backend\node_modules\express\lib\router\route.js:149:13)
    at next (C:\Users\sapna jha\Downloads\PulseGuard-AI\backend\node_modules\express\lib\router\route.js:145:7)
    at Route.dispatch (C:\Users\sapna jha\Downloads\PulseGuard-AI\backend\node_modules\express\lib\router\route.js:119:3)
    at Layer.handle [as handle_request] (C:\Users\sapna jha\Downloads\PulseGuard-AI\backend\node_modules\express\lib\router\layer.js:95:5)
    at C:\Users\sapna jha\Downloads\PulseGuard-AI\backend\node_modules\express\lib\router\index.js:284:15
    at router.process_params (C:\Users\sapna jha\Downloads\PulseGuard-AI\backend\node_modules\express\lib\router\index.js:346:12)
    at next (C:\Users\sapna jha\Downloads\PulseGuard-AI\backend\node_modules\express\lib\router\index.js:280:10)
[2026-07-24T13:58:54.663Z] ERROR: TypeError: Cannot read properties of undefined (reading 'id')
    at C:\Users\sapna jha\Downloads\PulseGuard-AI\backend\controllers\risk.controller.js:31:59
    at asyncUtilWrap (C:\Users\sapna jha\Downloads\PulseGuard-AI\backend\node_modules\express-async-handler\index.js:3:20)
    at Layer.handle [as handle_request] (C:\Users\sapna jha\Downloads\PulseGuard-AI\backend\node_modules\express\lib\router\layer.js:95:5)
    at next (C:\Users\sapna jha\Downloads\PulseGuard-AI\backend\node_modules\express\lib\router\route.js:149:13)
    at Route.dispatch (C:\Users\sapna jha\Downloads\PulseGuard-AI\backend\node_modules\express\lib\router\route.js:119:3)
    at Layer.handle [as handle_request] (C:\Users\sapna jha\Downloads\PulseGuard-AI\backend\node_modules\express\lib\router\layer.js:95:5)
    at C:\Users\sapna jha\Downloads\PulseGuard-AI\backend\node_modules\express\lib\router\index.js:284:15
    at router.process_params (C:\Users\sapna jha\Downloads\PulseGuard-AI\backend\node_modules\express\lib\router\index.js:346:12)
    at next (C:\Users\sapna jha\Downloads\PulseGuard-AI\backend\node_modules\express\lib\router\index.js:280:10)
    at router.handle (C:\Users\sapna jha\Downloads\PulseGuard-AI\backend\node_modules\express\lib\router\index.js:175:3)
[2026-07-24T13:58:54.665Z] ERROR: TypeError: Cannot read properties of undefined (reading 'id')
    at C:\Users\sapna jha\Downloads\PulseGuard-AI\backend\controllers\alert.controller.js:17:60
    at asyncUtilWrap (C:\Users\sapna jha\Downloads\PulseGuard-AI\backend\node_modules\express-async-handler\index.js:3:20)
    at Layer.handle [as handle_request] (C:\Users\sapna jha\Downloads\PulseGuard-AI\backend\node_modules\express\lib\router\layer.js:95:5)
    at next (C:\Users\sapna jha\Downloads\PulseGuard-AI\backend\node_modules\express\lib\router\route.js:149:13)
    at next (C:\Users\sapna jha\Downloads\PulseGuard-AI\backend\node_modules\express\lib\router\route.js:145:7)
    at Route.dispatch (C:\Users\sapna jha\Downloads\PulseGuard-AI\backend\node_modules\express\lib\router\route.js:119:3)
    at Layer.handle [as handle_request] (C:\Users\sapna jha\Downloads\PulseGuard-AI\backend\node_modules\express\lib\router\layer.js:95:5)
    at C:\Users\sapna jha\Downloads\PulseGuard-AI\backend\node_modules\express\lib\router\index.js:284:15
    at router.process_params (C:\Users\sapna jha\Downloads\PulseGuard-AI\backend\node_modules\express\lib\router\index.js:346:12)
    at next (C:\Users\sapna jha\Downloads\PulseGuard-AI\backend\node_modules\express\lib\router\index.js:280:10)
[2026-07-24T13:58:54.666Z] ERROR: TypeError: Cannot read properties of undefined (reading 'id')
    at C:\Users\sapna jha\Downloads\PulseGuard-AI\backend\controllers\risk.controller.js:31:59
    at asyncUtilWrap (C:\Users\sapna jha\Downloads\PulseGuard-AI\backend\node_modules\express-async-handler\index.js:3:20)
    at Layer.handle [as handle_request] (C:\Users\sapna jha\Downloads\PulseGuard-AI\backend\node_modules\express\lib\router\layer.js:95:5)
    at next (C:\Users\sapna jha\Downloads\PulseGuard-AI\backend\node_modules\express\lib\router\route.js:149:13)
    at Route.dispatch (C:\Users\sapna jha\Downloads\PulseGuard-AI\backend\node_modules\express\lib\router\route.js:119:3)
    at Layer.handle [as handle_request] (C:\Users\sapna jha\Downloads\PulseGuard-AI\backend\node_modules\express\lib\router\layer.js:95:5)
    at C:\Users\sapna jha\Downloads\PulseGuard-AI\backend\node_modules\express\lib\router\index.js:284:15
    at router.process_params (C:\Users\sapna jha\Downloads\PulseGuard-AI\backend\node_modules\express\lib\router\index.js:346:12)
    at next (C:\Users\sapna jha\Downloads\PulseGuard-AI\backend\node_modules\express\lib\router\index.js:280:10)
    at router.handle (C:\Users\sapna jha\Downloads\PulseGuard-AI\backend\node_modules\express\lib\router\index.js:175:3)
[2026-07-24T13:58:54.668Z] ERROR: TypeError: Cannot read properties of undefined (reading 'id')
    at C:\Users\sapna jha\Downloads\PulseGuard-AI\backend\controllers\alert.controller.js:17:60
    at asyncUtilWrap (C:\Users\sapna jha\Downloads\PulseGuard-AI\backend\node_modules\express-async-handler\index.js:3:20)
    at Layer.handle [as handle_request] (C:\Users\sapna jha\Downloads\PulseGuard-AI\backend\node_modules\express\lib\router\layer.js:95:5)
    at next (C:\Users\sapna jha\Downloads\PulseGuard-AI\backend\node_modules\express\lib\router\route.js:149:13)
    at next (C:\Users\sapna jha\Downloads\PulseGuard-AI\backend\node_modules\express\lib\router\route.js:145:7)
    at Route.dispatch (C:\Users\sapna jha\Downloads\PulseGuard-AI\backend\node_modules\express\lib\router\route.js:119:3)
    at Layer.handle [as handle_request] (C:\Users\sapna jha\Downloads\PulseGuard-AI\backend\node_modules\express\lib\router\layer.js:95:5)
    at C:\Users\sapna jha\Downloads\PulseGuard-AI\backend\node_modules\express\lib\router\index.js:284:15
    at router.process_params (C:\Users\sapna jha\Downloads\PulseGuard-AI\backend\node_modules\express\lib\router\index.js:346:12)
    at next (C:\Users\sapna jha\Downloads\PulseGuard-AI\backend\node_modules\express\lib\router\index.js:280:10)
[2026-07-24T13:59:03.686Z] ERROR: TypeError: Cannot read properties of undefined (reading 'id')
    at C:\Users\sapna jha\Downloads\PulseGuard-AI\backend\controllers\risk.controller.js:31:59
    at asyncUtilWrap (C:\Users\sapna jha\Downloads\PulseGuard-AI\backend\node_modules\express-async-handler\index.js:3:20)
    at Layer.handle [as handle_request] (C:\Users\sapna jha\Downloads\PulseGuard-AI\backend\node_modules\express\lib\router\layer.js:95:5)
    at next (C:\Users\sapna jha\Downloads\PulseGuard-AI\backend\node_modules\express\lib\router\route.js:149:13)
    at Route.dispatch (C:\Users\sapna jha\Downloads\PulseGuard-AI\backend\node_modules\express\lib\router\route.js:119:3)
    at Layer.handle [as handle_request] (C:\Users\sapna jha\Downloads\PulseGuard-AI\backend\node_modules\express\lib\router\layer.js:95:5)
    at C:\Users\sapna jha\Downloads\PulseGuard-AI\backend\node_modules\express\lib\router\index.js:284:15
    at router.process_params (C:\Users\sapna jha\Downloads\PulseGuard-AI\backend\node_modules\express\lib\router\index.js:346:12)
    at next (C:\Users\sapna jha\Downloads\PulseGuard-AI\backend\node_modules\express\lib\router\index.js:280:10)
    at router.handle (C:\Users\sapna jha\Downloads\PulseGuard-AI\backend\node_modules\express\lib\router\index.js:175:3)
[2026-07-24T13:59:03.687Z] ERROR: TypeError: Cannot read properties of undefined (reading 'id')
    at C:\Users\sapna jha\Downloads\PulseGuard-AI\backend\controllers\alert.controller.js:17:60
    at asyncUtilWrap (C:\Users\sapna jha\Downloads\PulseGuard-AI\backend\node_modules\express-async-handler\index.js:3:20)
    at Layer.handle [as handle_request] (C:\Users\sapna jha\Downloads\PulseGuard-AI\backend\node_modules\express\lib\router\layer.js:95:5)
    at next (C:\Users\sapna jha\Downloads\PulseGuard-AI\backend\node_modules\express\lib\router\route.js:149:13)
    at next (C:\Users\sapna jha\Downloads\PulseGuard-AI\backend\node_modules\express\lib\router\route.js:145:7)
    at Route.dispatch (C:\Users\sapna jha\Downloads\PulseGuard-AI\backend\node_modules\express\lib\router\route.js:119:3)
    at Layer.handle [as handle_request] (C:\Users\sapna jha\Downloads\PulseGuard-AI\backend\node_modules\express\lib\router\layer.js:95:5)
    at C:\Users\sapna jha\Downloads\PulseGuard-AI\backend\node_modules\express\lib\router\index.js:284:15
    at router.process_params (C:\Users\sapna jha\Downloads\PulseGuard-AI\backend\node_modules\express\lib\router\index.js:346:12)
    at next (C:\Users\sapna jha\Downloads\PulseGuard-AI\backend\node_modules\express\lib\router\index.js:280:10)
[2026-07-24T13:59:03.688Z] ERROR: TypeError: Cannot read properties of undefined (reading 'id')
    at C:\Users\sapna jha\Downloads\PulseGuard-AI\backend\controllers\risk.controller.js:31:59
    at asyncUtilWrap (C:\Users\sapna jha\Downloads\PulseGuard-AI\backend\node_modules\express-async-handler\index.js:3:20)
    at Layer.handle [as handle_request] (C:\Users\sapna jha\Downloads\PulseGuard-AI\backend\node_modules\express\lib\router\layer.js:95:5)
    at next (C:\Users\sapna jha\Downloads\PulseGuard-AI\backend\node_modules\express\lib\router\route.js:149:13)
    at Route.dispatch (C:\Users\sapna jha\Downloads\PulseGuard-AI\backend\node_modules\express\lib\router\route.js:119:3)
    at Layer.handle [as handle_request] (C:\Users\sapna jha\Downloads\PulseGuard-AI\backend\node_modules\express\lib\router\layer.js:95:5)
    at C:\Users\sapna jha\Downloads\PulseGuard-AI\backend\node_modules\express\lib\router\index.js:284:15
    at router.process_params (C:\Users\sapna jha\Downloads\PulseGuard-AI\backend\node_modules\express\lib\router\index.js:346:12)
    at next (C:\Users\sapna jha\Downloads\PulseGuard-AI\backend\node_modules\express\lib\router\index.js:280:10)
    at router.handle (C:\Users\sapna jha\Downloads\PulseGuard-AI\backend\node_modules\express\lib\router\index.js:175:3)
[2026-07-24T13:59:03.689Z] ERROR: TypeError: Cannot read properties of undefined (reading 'id')
    at C:\Users\sapna jha\Downloads\PulseGuard-AI\backend\controllers\alert.controller.js:17:60
    at asyncUtilWrap (C:\Users\sapna jha\Downloads\PulseGuard-AI\backend\node_modules\express-async-handler\index.js:3:20)
    at Layer.handle [as handle_request] (C:\Users\sapna jha\Downloads\PulseGuard-AI\backend\node_modules\express\lib\router\layer.js:95:5)
    at next (C:\Users\sapna jha\Downloads\PulseGuard-AI\backend\node_modules\express\lib\router\route.js:149:13)
    at next (C:\Users\sapna jha\Downloads\PulseGuard-AI\backend\node_modules\express\lib\router\route.js:145:7)
    at Route.dispatch (C:\Users\sapna jha\Downloads\PulseGuard-AI\backend\node_modules\express\lib\router\route.js:119:3)
    at Layer.handle [as handle_request] (C:\Users\sapna jha\Downloads\PulseGuard-AI\backend\node_modules\express\lib\router\layer.js:95:5)
    at C:\Users\sapna jha\Downloads\PulseGuard-AI\backend\node_modules\express\lib\router\index.js:284:15
    at router.process_params (C:\Users\sapna jha\Downloads\PulseGuard-AI\backend\node_modules\express\lib\router\index.js:346:12)
    at next (C:\Users\sapna jha\Downloads\PulseGuard-AI\backend\node_modules\express\lib\router\index.js:280:10)
[2026-07-24T13:59:11.132Z] INFO: PulseGuard AI backend running in development mode on port 5000
[2026-07-24T13:59:13.776Z] INFO: PulseGuard AI backend running in development mode on port 5000
[2026-07-24T13:59:20.436Z] INFO: PulseGuard AI backend running in development mode on port 5000
[2026-07-24T13:59:27.627Z] ERROR: TypeError: Cannot read properties of undefined (reading 'id')
    at C:\Users\sapna jha\Downloads\PulseGuard-AI\backend\controllers\risk.controller.js:31:59
    at asyncUtilWrap (C:\Users\sapna jha\Downloads\PulseGuard-AI\backend\node_modules\express-async-handler\index.js:3:20)
    at Layer.handle [as handle_request] (C:\Users\sapna jha\Downloads\PulseGuard-AI\backend\node_modules\express\lib\router\layer.js:95:5)
    at next (C:\Users\sapna jha\Downloads\PulseGuard-AI\backend\node_modules\express\lib\router\route.js:149:13)
    at Route.dispatch (C:\Users\sapna jha\Downloads\PulseGuard-AI\backend\node_modules\express\lib\router\route.js:119:3)
    at Layer.handle [as handle_request] (C:\Users\sapna jha\Downloads\PulseGuard-AI\backend\node_modules\express\lib\router\layer.js:95:5)
    at C:\Users\sapna jha\Downloads\PulseGuard-AI\backend\node_modules\express\lib\router\index.js:284:15
    at router.process_params (C:\Users\sapna jha\Downloads\PulseGuard-AI\backend\node_modules\express\lib\router\index.js:346:12)
    at next (C:\Users\sapna jha\Downloads\PulseGuard-AI\backend\node_modules\express\lib\router\index.js:280:10)
    at router.handle (C:\Users\sapna jha\Downloads\PulseGuard-AI\backend\node_modules\express\lib\router\index.js:175:3)
[2026-07-24T13:59:27.638Z] ERROR: TypeError: Cannot read properties of undefined (reading 'id')
    at C:\Users\sapna jha\Downloads\PulseGuard-AI\backend\controllers\alert.controller.js:17:60
    at asyncUtilWrap (C:\Users\sapna jha\Downloads\PulseGuard-AI\backend\node_modules\express-async-handler\index.js:3:20)
    at Layer.handle [as handle_request] (C:\Users\sapna jha\Downloads\PulseGuard-AI\backend\node_modules\express\lib\router\layer.js:95:5)
    at next (C:\Users\sapna jha\Downloads\PulseGuard-AI\backend\node_modules\express\lib\router\route.js:149:13)
    at next (C:\Users\sapna jha\Downloads\PulseGuard-AI\backend\node_modules\express\lib\router\route.js:145:7)
    at Route.dispatch (C:\Users\sapna jha\Downloads\PulseGuard-AI\backend\node_modules\express\lib\router\route.js:119:3)
    at Layer.handle [as handle_request] (C:\Users\sapna jha\Downloads\PulseGuard-AI\backend\node_modules\express\lib\router\layer.js:95:5)
    at C:\Users\sapna jha\Downloads\PulseGuard-AI\backend\node_modules\express\lib\router\index.js:284:15
    at router.process_params (C:\Users\sapna jha\Downloads\PulseGuard-AI\backend\node_modules\express\lib\router\index.js:346:12)
    at next (C:\Users\sapna jha\Downloads\PulseGuard-AI\backend\node_modules\express\lib\router\index.js:280:10)
[2026-07-24T13:59:27.641Z] ERROR: TypeError: Cannot read properties of undefined (reading 'id')
    at C:\Users\sapna jha\Downloads\PulseGuard-AI\backend\controllers\risk.controller.js:31:59
    at asyncUtilWrap (C:\Users\sapna jha\Downloads\PulseGuard-AI\backend\node_modules\express-async-handler\index.js:3:20)
    at Layer.handle [as handle_request] (C:\Users\sapna jha\Downloads\PulseGuard-AI\backend\node_modules\express\lib\router\layer.js:95:5)
    at next (C:\Users\sapna jha\Downloads\PulseGuard-AI\backend\node_modules\express\lib\router\route.js:149:13)
    at Route.dispatch (C:\Users\sapna jha\Downloads\PulseGuard-AI\backend\node_modules\express\lib\router\route.js:119:3)
    at Layer.handle [as handle_request] (C:\Users\sapna jha\Downloads\PulseGuard-AI\backend\node_modules\express\lib\router\layer.js:95:5)
    at C:\Users\sapna jha\Downloads\PulseGuard-AI\backend\node_modules\express\lib\router\index.js:284:15
    at router.process_params (C:\Users\sapna jha\Downloads\PulseGuard-AI\backend\node_modules\express\lib\router\index.js:346:12)
    at next (C:\Users\sapna jha\Downloads\PulseGuard-AI\backend\node_modules\express\lib\router\index.js:280:10)
    at router.handle (C:\Users\sapna jha\Downloads\PulseGuard-AI\backend\node_modules\express\lib\router\index.js:175:3)
[2026-07-24T13:59:27.644Z] ERROR: TypeError: Cannot read properties of undefined (reading 'id')
    at C:\Users\sapna jha\Downloads\PulseGuard-AI\backend\controllers\alert.controller.js:17:60
    at asyncUtilWrap (C:\Users\sapna jha\Downloads\PulseGuard-AI\backend\node_modules\express-async-handler\index.js:3:20)
    at Layer.handle [as handle_request] (C:\Users\sapna jha\Downloads\PulseGuard-AI\backend\node_modules\express\lib\router\layer.js:95:5)
    at next (C:\Users\sapna jha\Downloads\PulseGuard-AI\backend\node_modules\express\lib\router\route.js:149:13)
    at next (C:\Users\sapna jha\Downloads\PulseGuard-AI\backend\node_modules\express\lib\router\route.js:145:7)
    at Route.dispatch (C:\Users\sapna jha\Downloads\PulseGuard-AI\backend\node_modules\express\lib\router\route.js:119:3)
    at Layer.handle [as handle_request] (C:\Users\sapna jha\Downloads\PulseGuard-AI\backend\node_modules\express\lib\router\layer.js:95:5)
    at C:\Users\sapna jha\Downloads\PulseGuard-AI\backend\node_modules\express\lib\router\index.js:284:15
    at router.process_params (C:\Users\sapna jha\Downloads\PulseGuard-AI\backend\node_modules\express\lib\router\index.js:346:12)
    at next (C:\Users\sapna jha\Downloads\PulseGuard-AI\backend\node_modules\express\lib\router\index.js:280:10)
[2026-07-24T13:59:29.891Z] ERROR: TypeError: Cannot read properties of undefined (reading 'id')
    at C:\Users\sapna jha\Downloads\PulseGuard-AI\backend\controllers\risk.controller.js:31:59
    at asyncUtilWrap (C:\Users\sapna jha\Downloads\PulseGuard-AI\backend\node_modules\express-async-handler\index.js:3:20)
    at Layer.handle [as handle_request] (C:\Users\sapna jha\Downloads\PulseGuard-AI\backend\node_modules\express\lib\router\layer.js:95:5)
    at next (C:\Users\sapna jha\Downloads\PulseGuard-AI\backend\node_modules\express\lib\router\route.js:149:13)
    at Route.dispatch (C:\Users\sapna jha\Downloads\PulseGuard-AI\backend\node_modules\express\lib\router\route.js:119:3)
    at Layer.handle [as handle_request] (C:\Users\sapna jha\Downloads\PulseGuard-AI\backend\node_modules\express\lib\router\layer.js:95:5)
    at C:\Users\sapna jha\Downloads\PulseGuard-AI\backend\node_modules\express\lib\router\index.js:284:15
    at router.process_params (C:\Users\sapna jha\Downloads\PulseGuard-AI\backend\node_modules\express\lib\router\index.js:346:12)
    at next (C:\Users\sapna jha\Downloads\PulseGuard-AI\backend\node_modules\express\lib\router\index.js:280:10)
    at router.handle (C:\Users\sapna jha\Downloads\PulseGuard-AI\backend\node_modules\express\lib\router\index.js:175:3)
[2026-07-24T13:59:29.893Z] ERROR: TypeError: Cannot read properties of undefined (reading 'id')
    at C:\Users\sapna jha\Downloads\PulseGuard-AI\backend\controllers\alert.controller.js:17:60
    at asyncUtilWrap (C:\Users\sapna jha\Downloads\PulseGuard-AI\backend\node_modules\express-async-handler\index.js:3:20)
    at Layer.handle [as handle_request] (C:\Users\sapna jha\Downloads\PulseGuard-AI\backend\node_modules\express\lib\router\layer.js:95:5)
    at next (C:\Users\sapna jha\Downloads\PulseGuard-AI\backend\node_modules\express\lib\router\route.js:149:13)
    at next (C:\Users\sapna jha\Downloads\PulseGuard-AI\backend\node_modules\express\lib\router\route.js:145:7)
    at Route.dispatch (C:\Users\sapna jha\Downloads\PulseGuard-AI\backend\node_modules\express\lib\router\route.js:119:3)
    at Layer.handle [as handle_request] (C:\Users\sapna jha\Downloads\PulseGuard-AI\backend\node_modules\express\lib\router\layer.js:95:5)
    at C:\Users\sapna jha\Downloads\PulseGuard-AI\backend\node_modules\express\lib\router\index.js:284:15
    at router.process_params (C:\Users\sapna jha\Downloads\PulseGuard-AI\backend\node_modules\express\lib\router\index.js:346:12)
    at next (C:\Users\sapna jha\Downloads\PulseGuard-AI\backend\node_modules\express\lib\router\index.js:280:10)
[2026-07-24T13:59:29.895Z] ERROR: TypeError: Cannot read properties of undefined (reading 'id')
    at C:\Users\sapna jha\Downloads\PulseGuard-AI\backend\controllers\risk.controller.js:31:59
    at asyncUtilWrap (C:\Users\sapna jha\Downloads\PulseGuard-AI\backend\node_modules\express-async-handler\index.js:3:20)
    at Layer.handle [as handle_request] (C:\Users\sapna jha\Downloads\PulseGuard-AI\backend\node_modules\express\lib\router\layer.js:95:5)
    at next (C:\Users\sapna jha\Downloads\PulseGuard-AI\backend\node_modules\express\lib\router\route.js:149:13)
    at Route.dispatch (C:\Users\sapna jha\Downloads\PulseGuard-AI\backend\node_modules\express\lib\router\route.js:119:3)
    at Layer.handle [as handle_request] (C:\Users\sapna jha\Downloads\PulseGuard-AI\backend\node_modules\express\lib\router\layer.js:95:5)
    at C:\Users\sapna jha\Downloads\PulseGuard-AI\backend\node_modules\express\lib\router\index.js:284:15
    at router.process_params (C:\Users\sapna jha\Downloads\PulseGuard-AI\backend\node_modules\express\lib\router\index.js:346:12)
    at next (C:\Users\sapna jha\Downloads\PulseGuard-AI\backend\node_modules\express\lib\router\index.js:280:10)
    at router.handle (C:\Users\sapna jha\Downloads\PulseGuard-AI\backend\node_modules\express\lib\router\index.js:175:3)
[2026-07-24T13:59:29.898Z] ERROR: TypeError: Cannot read properties of undefined (reading 'id')
    at C:\Users\sapna jha\Downloads\PulseGuard-AI\backend\controllers\alert.controller.js:17:60
    at asyncUtilWrap (C:\Users\sapna jha\Downloads\PulseGuard-AI\backend\node_modules\express-async-handler\index.js:3:20)
    at Layer.handle [as handle_request] (C:\Users\sapna jha\Downloads\PulseGuard-AI\backend\node_modules\express\lib\router\layer.js:95:5)
    at next (C:\Users\sapna jha\Downloads\PulseGuard-AI\backend\node_modules\express\lib\router\route.js:149:13)
    at next (C:\Users\sapna jha\Downloads\PulseGuard-AI\backend\node_modules\express\lib\router\route.js:145:7)
    at Route.dispatch (C:\Users\sapna jha\Downloads\PulseGuard-AI\backend\node_modules\express\lib\router\route.js:119:3)
    at Layer.handle [as handle_request] (C:\Users\sapna jha\Downloads\PulseGuard-AI\backend\node_modules\express\lib\router\layer.js:95:5)
    at C:\Users\sapna jha\Downloads\PulseGuard-AI\backend\node_modules\express\lib\router\index.js:284:15
    at router.process_params (C:\Users\sapna jha\Downloads\PulseGuard-AI\backend\node_modules\express\lib\router\index.js:346:12)
    at next (C:\Users\sapna jha\Downloads\PulseGuard-AI\backend\node_modules\express\lib\router\index.js:280:10)
[2026-07-24T13:59:32.523Z] ERROR: TypeError: Cannot read properties of undefined (reading 'id')
    at C:\Users\sapna jha\Downloads\PulseGuard-AI\backend\controllers\risk.controller.js:31:59
    at asyncUtilWrap (C:\Users\sapna jha\Downloads\PulseGuard-AI\backend\node_modules\express-async-handler\index.js:3:20)
    at Layer.handle [as handle_request] (C:\Users\sapna jha\Downloads\PulseGuard-AI\backend\node_modules\express\lib\router\layer.js:95:5)
    at next (C:\Users\sapna jha\Downloads\PulseGuard-AI\backend\node_modules\express\lib\router\route.js:149:13)
    at Route.dispatch (C:\Users\sapna jha\Downloads\PulseGuard-AI\backend\node_modules\express\lib\router\route.js:119:3)
    at Layer.handle [as handle_request] (C:\Users\sapna jha\Downloads\PulseGuard-AI\backend\node_modules\express\lib\router\layer.js:95:5)
    at C:\Users\sapna jha\Downloads\PulseGuard-AI\backend\node_modules\express\lib\router\index.js:284:15
    at router.process_params (C:\Users\sapna jha\Downloads\PulseGuard-AI\backend\node_modules\express\lib\router\index.js:346:12)
    at next (C:\Users\sapna jha\Downloads\PulseGuard-AI\backend\node_modules\express\lib\router\index.js:280:10)
    at router.handle (C:\Users\sapna jha\Downloads\PulseGuard-AI\backend\node_modules\express\lib\router\index.js:175:3)
[2026-07-24T13:59:32.526Z] ERROR: TypeError: Cannot read properties of undefined (reading 'id')
    at C:\Users\sapna jha\Downloads\PulseGuard-AI\backend\controllers\alert.controller.js:17:60
    at asyncUtilWrap (C:\Users\sapna jha\Downloads\PulseGuard-AI\backend\node_modules\express-async-handler\index.js:3:20)
    at Layer.handle [as handle_request] (C:\Users\sapna jha\Downloads\PulseGuard-AI\backend\node_modules\express\lib\router\layer.js:95:5)
    at next (C:\Users\sapna jha\Downloads\PulseGuard-AI\backend\node_modules\express\lib\router\route.js:149:13)
    at next (C:\Users\sapna jha\Downloads\PulseGuard-AI\backend\node_modules\express\lib\router\route.js:145:7)
    at Route.dispatch (C:\Users\sapna jha\Downloads\PulseGuard-AI\backend\node_modules\express\lib\router\route.js:119:3)
    at Layer.handle [as handle_request] (C:\Users\sapna jha\Downloads\PulseGuard-AI\backend\node_modules\express\lib\router\layer.js:95:5)
    at C:\Users\sapna jha\Downloads\PulseGuard-AI\backend\node_modules\express\lib\router\index.js:284:15
    at router.process_params (C:\Users\sapna jha\Downloads\PulseGuard-AI\backend\node_modules\express\lib\router\index.js:346:12)
    at next (C:\Users\sapna jha\Downloads\PulseGuard-AI\backend\node_modules\express\lib\router\index.js:280:10)
[2026-07-24T13:59:32.530Z] ERROR: TypeError: Cannot read properties of undefined (reading 'id')
    at C:\Users\sapna jha\Downloads\PulseGuard-AI\backend\controllers\risk.controller.js:31:59
    at asyncUtilWrap (C:\Users\sapna jha\Downloads\PulseGuard-AI\backend\node_modules\express-async-handler\index.js:3:20)
    at Layer.handle [as handle_request] (C:\Users\sapna jha\Downloads\PulseGuard-AI\backend\node_modules\express\lib\router\layer.js:95:5)
    at next (C:\Users\sapna jha\Downloads\PulseGuard-AI\backend\node_modules\express\lib\router\route.js:149:13)
    at Route.dispatch (C:\Users\sapna jha\Downloads\PulseGuard-AI\backend\node_modules\express\lib\router\route.js:119:3)
    at Layer.handle [as handle_request] (C:\Users\sapna jha\Downloads\PulseGuard-AI\backend\node_modules\express\lib\router\layer.js:95:5)
    at C:\Users\sapna jha\Downloads\PulseGuard-AI\backend\node_modules\express\lib\router\index.js:284:15
    at router.process_params (C:\Users\sapna jha\Downloads\PulseGuard-AI\backend\node_modules\express\lib\router\index.js:346:12)
    at next (C:\Users\sapna jha\Downloads\PulseGuard-AI\backend\node_modules\express\lib\router\index.js:280:10)
    at router.handle (C:\Users\sapna jha\Downloads\PulseGuard-AI\backend\node_modules\express\lib\router\index.js:175:3)
[2026-07-24T13:59:32.533Z] ERROR: TypeError: Cannot read properties of undefined (reading 'id')
    at C:\Users\sapna jha\Downloads\PulseGuard-AI\backend\controllers\alert.controller.js:17:60
    at asyncUtilWrap (C:\Users\sapna jha\Downloads\PulseGuard-AI\backend\node_modules\express-async-handler\index.js:3:20)
    at Layer.handle [as handle_request] (C:\Users\sapna jha\Downloads\PulseGuard-AI\backend\node_modules\express\lib\router\layer.js:95:5)
    at next (C:\Users\sapna jha\Downloads\PulseGuard-AI\backend\node_modules\express\lib\router\route.js:149:13)
    at next (C:\Users\sapna jha\Downloads\PulseGuard-AI\backend\node_modules\express\lib\router\route.js:145:7)
    at Route.dispatch (C:\Users\sapna jha\Downloads\PulseGuard-AI\backend\node_modules\express\lib\router\route.js:119:3)
    at Layer.handle [as handle_request] (C:\Users\sapna jha\Downloads\PulseGuard-AI\backend\node_modules\express\lib\router\layer.js:95:5)
    at C:\Users\sapna jha\Downloads\PulseGuard-AI\backend\node_modules\express\lib\router\index.js:284:15
    at router.process_params (C:\Users\sapna jha\Downloads\PulseGuard-AI\backend\node_modules\express\lib\router\index.js:346:12)
    at next (C:\Users\sapna jha\Downloads\PulseGuard-AI\backend\node_modules\express\lib\router\index.js:280:10)
[2026-07-24T13:59:36.332Z] ERROR: TypeError: Cannot read properties of undefined (reading 'id')
    at C:\Users\sapna jha\Downloads\PulseGuard-AI\backend\controllers\risk.controller.js:31:59
    at asyncUtilWrap (C:\Users\sapna jha\Downloads\PulseGuard-AI\backend\node_modules\express-async-handler\index.js:3:20)
    at Layer.handle [as handle_request] (C:\Users\sapna jha\Downloads\PulseGuard-AI\backend\node_modules\express\lib\router\layer.js:95:5)
    at next (C:\Users\sapna jha\Downloads\PulseGuard-AI\backend\node_modules\express\lib\router\route.js:149:13)
    at Route.dispatch (C:\Users\sapna jha\Downloads\PulseGuard-AI\backend\node_modules\express\lib\router\route.js:119:3)
    at Layer.handle [as handle_request] (C:\Users\sapna jha\Downloads\PulseGuard-AI\backend\node_modules\express\lib\router\layer.js:95:5)
    at C:\Users\sapna jha\Downloads\PulseGuard-AI\backend\node_modules\express\lib\router\index.js:284:15
    at router.process_params (C:\Users\sapna jha\Downloads\PulseGuard-AI\backend\node_modules\express\lib\router\index.js:346:12)
    at next (C:\Users\sapna jha\Downloads\PulseGuard-AI\backend\node_modules\express\lib\router\index.js:280:10)
    at router.handle (C:\Users\sapna jha\Downloads\PulseGuard-AI\backend\node_modules\express\lib\router\index.js:175:3)
[2026-07-24T13:59:36.335Z] ERROR: TypeError: Cannot read properties of undefined (reading 'id')
    at C:\Users\sapna jha\Downloads\PulseGuard-AI\backend\controllers\alert.controller.js:17:60
    at asyncUtilWrap (C:\Users\sapna jha\Downloads\PulseGuard-AI\backend\node_modules\express-async-handler\index.js:3:20)
    at Layer.handle [as handle_request] (C:\Users\sapna jha\Downloads\PulseGuard-AI\backend\node_modules\express\lib\router\layer.js:95:5)
    at next (C:\Users\sapna jha\Downloads\PulseGuard-AI\backend\node_modules\express\lib\router\route.js:149:13)
    at next (C:\Users\sapna jha\Downloads\PulseGuard-AI\backend\node_modules\express\lib\router\route.js:145:7)
    at Route.dispatch (C:\Users\sapna jha\Downloads\PulseGuard-AI\backend\node_modules\express\lib\router\route.js:119:3)
    at Layer.handle [as handle_request] (C:\Users\sapna jha\Downloads\PulseGuard-AI\backend\node_modules\express\lib\router\layer.js:95:5)
    at C:\Users\sapna jha\Downloads\PulseGuard-AI\backend\node_modules\express\lib\router\index.js:284:15
    at router.process_params (C:\Users\sapna jha\Downloads\PulseGuard-AI\backend\node_modules\express\lib\router\index.js:346:12)
    at next (C:\Users\sapna jha\Downloads\PulseGuard-AI\backend\node_modules\express\lib\router\index.js:280:10)
[2026-07-24T13:59:36.348Z] ERROR: TypeError: Cannot read properties of undefined (reading 'id')
    at C:\Users\sapna jha\Downloads\PulseGuard-AI\backend\controllers\risk.controller.js:31:59
    at asyncUtilWrap (C:\Users\sapna jha\Downloads\PulseGuard-AI\backend\node_modules\express-async-handler\index.js:3:20)
    at Layer.handle [as handle_request] (C:\Users\sapna jha\Downloads\PulseGuard-AI\backend\node_modules\express\lib\router\layer.js:95:5)
    at next (C:\Users\sapna jha\Downloads\PulseGuard-AI\backend\node_modules\express\lib\router\route.js:149:13)
    at Route.dispatch (C:\Users\sapna jha\Downloads\PulseGuard-AI\backend\node_modules\express\lib\router\route.js:119:3)
    at Layer.handle [as handle_request] (C:\Users\sapna jha\Downloads\PulseGuard-AI\backend\node_modules\express\lib\router\layer.js:95:5)
    at C:\Users\sapna jha\Downloads\PulseGuard-AI\backend\node_modules\express\lib\router\index.js:284:15
    at router.process_params (C:\Users\sapna jha\Downloads\PulseGuard-AI\backend\node_modules\express\lib\router\index.js:346:12)
    at next (C:\Users\sapna jha\Downloads\PulseGuard-AI\backend\node_modules\express\lib\router\index.js:280:10)
    at router.handle (C:\Users\sapna jha\Downloads\PulseGuard-AI\backend\node_modules\express\lib\router\index.js:175:3)
[2026-07-24T13:59:36.356Z] ERROR: TypeError: Cannot read properties of undefined (reading 'id')
    at C:\Users\sapna jha\Downloads\PulseGuard-AI\backend\controllers\alert.controller.js:17:60
    at asyncUtilWrap (C:\Users\sapna jha\Downloads\PulseGuard-AI\backend\node_modules\express-async-handler\index.js:3:20)
    at Layer.handle [as handle_request] (C:\Users\sapna jha\Downloads\PulseGuard-AI\backend\node_modules\express\lib\router\layer.js:95:5)
    at next (C:\Users\sapna jha\Downloads\PulseGuard-AI\backend\node_modules\express\lib\router\route.js:149:13)
    at next (C:\Users\sapna jha\Downloads\PulseGuard-AI\backend\node_modules\express\lib\router\route.js:145:7)
    at Route.dispatch (C:\Users\sapna jha\Downloads\PulseGuard-AI\backend\node_modules\express\lib\router\route.js:119:3)
    at Layer.handle [as handle_request] (C:\Users\sapna jha\Downloads\PulseGuard-AI\backend\node_modules\express\lib\router\layer.js:95:5)
    at C:\Users\sapna jha\Downloads\PulseGuard-AI\backend\node_modules\express\lib\router\index.js:284:15
    at router.process_params (C:\Users\sapna jha\Downloads\PulseGuard-AI\backend\node_modules\express\lib\router\index.js:346:12)
    at next (C:\Users\sapna jha\Downloads\PulseGuard-AI\backend\node_modules\express\lib\router\index.js:280:10)
[2026-07-24T13:59:50.596Z] ERROR: TypeError: Cannot read properties of undefined (reading 'id')
    at C:\Users\sapna jha\Downloads\PulseGuard-AI\backend\controllers\risk.controller.js:31:59
    at asyncUtilWrap (C:\Users\sapna jha\Downloads\PulseGuard-AI\backend\node_modules\express-async-handler\index.js:3:20)
    at Layer.handle [as handle_request] (C:\Users\sapna jha\Downloads\PulseGuard-AI\backend\node_modules\express\lib\router\layer.js:95:5)
    at next (C:\Users\sapna jha\Downloads\PulseGuard-AI\backend\node_modules\express\lib\router\route.js:149:13)
    at Route.dispatch (C:\Users\sapna jha\Downloads\PulseGuard-AI\backend\node_modules\express\lib\router\route.js:119:3)
    at Layer.handle [as handle_request] (C:\Users\sapna jha\Downloads\PulseGuard-AI\backend\node_modules\express\lib\router\layer.js:95:5)
    at C:\Users\sapna jha\Downloads\PulseGuard-AI\backend\node_modules\express\lib\router\index.js:284:15
    at router.process_params (C:\Users\sapna jha\Downloads\PulseGuard-AI\backend\node_modules\express\lib\router\index.js:346:12)
    at next (C:\Users\sapna jha\Downloads\PulseGuard-AI\backend\node_modules\express\lib\router\index.js:280:10)
    at router.handle (C:\Users\sapna jha\Downloads\PulseGuard-AI\backend\node_modules\express\lib\router\index.js:175:3)
[2026-07-24T13:59:50.599Z] ERROR: TypeError: Cannot read properties of undefined (reading 'id')
    at C:\Users\sapna jha\Downloads\PulseGuard-AI\backend\controllers\alert.controller.js:17:60
    at asyncUtilWrap (C:\Users\sapna jha\Downloads\PulseGuard-AI\backend\node_modules\express-async-handler\index.js:3:20)
    at Layer.handle [as handle_request] (C:\Users\sapna jha\Downloads\PulseGuard-AI\backend\node_modules\express\lib\router\layer.js:95:5)
    at next (C:\Users\sapna jha\Downloads\PulseGuard-AI\backend\node_modules\express\lib\router\route.js:149:13)
    at next (C:\Users\sapna jha\Downloads\PulseGuard-AI\backend\node_modules\express\lib\router\route.js:145:7)
    at Route.dispatch (C:\Users\sapna jha\Downloads\PulseGuard-AI\backend\node_modules\express\lib\router\route.js:119:3)
    at Layer.handle [as handle_request] (C:\Users\sapna jha\Downloads\PulseGuard-AI\backend\node_modules\express\lib\router\layer.js:95:5)
    at C:\Users\sapna jha\Downloads\PulseGuard-AI\backend\node_modules\express\lib\router\index.js:284:15
    at router.process_params (C:\Users\sapna jha\Downloads\PulseGuard-AI\backend\node_modules\express\lib\router\index.js:346:12)
    at next (C:\Users\sapna jha\Downloads\PulseGuard-AI\backend\node_modules\express\lib\router\index.js:280:10)
[2026-07-24T13:59:50.617Z] ERROR: TypeError: Cannot read properties of undefined (reading 'id')
    at C:\Users\sapna jha\Downloads\PulseGuard-AI\backend\controllers\risk.controller.js:31:59
    at asyncUtilWrap (C:\Users\sapna jha\Downloads\PulseGuard-AI\backend\node_modules\express-async-handler\index.js:3:20)
    at Layer.handle [as handle_request] (C:\Users\sapna jha\Downloads\PulseGuard-AI\backend\node_modules\express\lib\router\layer.js:95:5)
    at next (C:\Users\sapna jha\Downloads\PulseGuard-AI\backend\node_modules\express\lib\router\route.js:149:13)
    at Route.dispatch (C:\Users\sapna jha\Downloads\PulseGuard-AI\backend\node_modules\express\lib\router\route.js:119:3)
    at Layer.handle [as handle_request] (C:\Users\sapna jha\Downloads\PulseGuard-AI\backend\node_modules\express\lib\router\layer.js:95:5)
    at C:\Users\sapna jha\Downloads\PulseGuard-AI\backend\node_modules\express\lib\router\index.js:284:15
    at router.process_params (C:\Users\sapna jha\Downloads\PulseGuard-AI\backend\node_modules\express\lib\router\index.js:346:12)
    at next (C:\Users\sapna jha\Downloads\PulseGuard-AI\backend\node_modules\express\lib\router\index.js:280:10)
    at router.handle (C:\Users\sapna jha\Downloads\PulseGuard-AI\backend\node_modules\express\lib\router\index.js:175:3)
[2026-07-24T13:59:50.633Z] ERROR: TypeError: Cannot read properties of undefined (reading 'id')
    at C:\Users\sapna jha\Downloads\PulseGuard-AI\backend\controllers\alert.controller.js:17:60
    at asyncUtilWrap (C:\Users\sapna jha\Downloads\PulseGuard-AI\backend\node_modules\express-async-handler\index.js:3:20)
    at Layer.handle [as handle_request] (C:\Users\sapna jha\Downloads\PulseGuard-AI\backend\node_modules\express\lib\router\layer.js:95:5)
    at next (C:\Users\sapna jha\Downloads\PulseGuard-AI\backend\node_modules\express\lib\router\route.js:149:13)
    at next (C:\Users\sapna jha\Downloads\PulseGuard-AI\backend\node_modules\express\lib\router\route.js:145:7)
    at Route.dispatch (C:\Users\sapna jha\Downloads\PulseGuard-AI\backend\node_modules\express\lib\router\route.js:119:3)
    at Layer.handle [as handle_request] (C:\Users\sapna jha\Downloads\PulseGuard-AI\backend\node_modules\express\lib\router\layer.js:95:5)
    at C:\Users\sapna jha\Downloads\PulseGuard-AI\backend\node_modules\express\lib\router\index.js:284:15
    at router.process_params (C:\Users\sapna jha\Downloads\PulseGuard-AI\backend\node_modules\express\lib\router\index.js:346:12)
    at next (C:\Users\sapna jha\Downloads\PulseGuard-AI\backend\node_modules\express\lib\router\index.js:280:10)
[2026-07-24T13:59:56.326Z] ERROR: TypeError: Cannot read properties of undefined (reading 'id')
    at C:\Users\sapna jha\Downloads\PulseGuard-AI\backend\controllers\risk.controller.js:31:59
    at asyncUtilWrap (C:\Users\sapna jha\Downloads\PulseGuard-AI\backend\node_modules\express-async-handler\index.js:3:20)
    at Layer.handle [as handle_request] (C:\Users\sapna jha\Downloads\PulseGuard-AI\backend\node_modules\express\lib\router\layer.js:95:5)
    at next (C:\Users\sapna jha\Downloads\PulseGuard-AI\backend\node_modules\express\lib\router\route.js:149:13)
    at Route.dispatch (C:\Users\sapna jha\Downloads\PulseGuard-AI\backend\node_modules\express\lib\router\route.js:119:3)
    at Layer.handle [as handle_request] (C:\Users\sapna jha\Downloads\PulseGuard-AI\backend\node_modules\express\lib\router\layer.js:95:5)
    at C:\Users\sapna jha\Downloads\PulseGuard-AI\backend\node_modules\express\lib\router\index.js:284:15
    at router.process_params (C:\Users\sapna jha\Downloads\PulseGuard-AI\backend\node_modules\express\lib\router\index.js:346:12)
    at next (C:\Users\sapna jha\Downloads\PulseGuard-AI\backend\node_modules\express\lib\router\index.js:280:10)
    at router.handle (C:\Users\sapna jha\Downloads\PulseGuard-AI\backend\node_modules\express\lib\router\index.js:175:3)
[2026-07-24T13:59:56.340Z] ERROR: TypeError: Cannot read properties of undefined (reading 'id')
    at C:\Users\sapna jha\Downloads\PulseGuard-AI\backend\controllers\alert.controller.js:17:60
    at asyncUtilWrap (C:\Users\sapna jha\Downloads\PulseGuard-AI\backend\node_modules\express-async-handler\index.js:3:20)
    at Layer.handle [as handle_request] (C:\Users\sapna jha\Downloads\PulseGuard-AI\backend\node_modules\express\lib\router\layer.js:95:5)
    at next (C:\Users\sapna jha\Downloads\PulseGuard-AI\backend\node_modules\express\lib\router\route.js:149:13)
    at next (C:\Users\sapna jha\Downloads\PulseGuard-AI\backend\node_modules\express\lib\router\route.js:145:7)
    at Route.dispatch (C:\Users\sapna jha\Downloads\PulseGuard-AI\backend\node_modules\express\lib\router\route.js:119:3)
    at Layer.handle [as handle_request] (C:\Users\sapna jha\Downloads\PulseGuard-AI\backend\node_modules\express\lib\router\layer.js:95:5)
    at C:\Users\sapna jha\Downloads\PulseGuard-AI\backend\node_modules\express\lib\router\index.js:284:15
    at router.process_params (C:\Users\sapna jha\Downloads\PulseGuard-AI\backend\node_modules\express\lib\router\index.js:346:12)
    at next (C:\Users\sapna jha\Downloads\PulseGuard-AI\backend\node_modules\express\lib\router\index.js:280:10)
[2026-07-24T13:59:56.374Z] ERROR: TypeError: Cannot read properties of undefined (reading 'id')
    at C:\Users\sapna jha\Downloads\PulseGuard-AI\backend\controllers\risk.controller.js:31:59
    at asyncUtilWrap (C:\Users\sapna jha\Downloads\PulseGuard-AI\backend\node_modules\express-async-handler\index.js:3:20)
    at Layer.handle [as handle_request] (C:\Users\sapna jha\Downloads\PulseGuard-AI\backend\node_modules\express\lib\router\layer.js:95:5)
    at next (C:\Users\sapna jha\Downloads\PulseGuard-AI\backend\node_modules\express\lib\router\route.js:149:13)
    at Route.dispatch (C:\Users\sapna jha\Downloads\PulseGuard-AI\backend\node_modules\express\lib\router\route.js:119:3)
    at Layer.handle [as handle_request] (C:\Users\sapna jha\Downloads\PulseGuard-AI\backend\node_modules\express\lib\router\layer.js:95:5)
    at C:\Users\sapna jha\Downloads\PulseGuard-AI\backend\node_modules\express\lib\router\index.js:284:15
    at router.process_params (C:\Users\sapna jha\Downloads\PulseGuard-AI\backend\node_modules\express\lib\router\index.js:346:12)
    at next (C:\Users\sapna jha\Downloads\PulseGuard-AI\backend\node_modules\express\lib\router\index.js:280:10)
    at router.handle (C:\Users\sapna jha\Downloads\PulseGuard-AI\backend\node_modules\express\lib\router\index.js:175:3)
[2026-07-24T13:59:56.407Z] ERROR: TypeError: Cannot read properties of undefined (reading 'id')
    at C:\Users\sapna jha\Downloads\PulseGuard-AI\backend\controllers\alert.controller.js:17:60
    at asyncUtilWrap (C:\Users\sapna jha\Downloads\PulseGuard-AI\backend\node_modules\express-async-handler\index.js:3:20)
    at Layer.handle [as handle_request] (C:\Users\sapna jha\Downloads\PulseGuard-AI\backend\node_modules\express\lib\router\layer.js:95:5)
    at next (C:\Users\sapna jha\Downloads\PulseGuard-AI\backend\node_modules\express\lib\router\route.js:149:13)
    at next (C:\Users\sapna jha\Downloads\PulseGuard-AI\backend\node_modules\express\lib\router\route.js:145:7)
    at Route.dispatch (C:\Users\sapna jha\Downloads\PulseGuard-AI\backend\node_modules\express\lib\router\route.js:119:3)
    at Layer.handle [as handle_request] (C:\Users\sapna jha\Downloads\PulseGuard-AI\backend\node_modules\express\lib\router\layer.js:95:5)
    at C:\Users\sapna jha\Downloads\PulseGuard-AI\backend\node_modules\express\lib\router\index.js:284:15
    at router.process_params (C:\Users\sapna jha\Downloads\PulseGuard-AI\backend\node_modules\express\lib\router\index.js:346:12)
    at next (C:\Users\sapna jha\Downloads\PulseGuard-AI\backend\node_modules\express\lib\router\index.js:280:10)
[2026-07-24T14:00:01.427Z] ERROR: TypeError: Cannot read properties of undefined (reading 'id')
    at C:\Users\sapna jha\Downloads\PulseGuard-AI\backend\controllers\risk.controller.js:31:59
    at asyncUtilWrap (C:\Users\sapna jha\Downloads\PulseGuard-AI\backend\node_modules\express-async-handler\index.js:3:20)
    at Layer.handle [as handle_request] (C:\Users\sapna jha\Downloads\PulseGuard-AI\backend\node_modules\express\lib\router\layer.js:95:5)
    at next (C:\Users\sapna jha\Downloads\PulseGuard-AI\backend\node_modules\express\lib\router\route.js:149:13)
    at Route.dispatch (C:\Users\sapna jha\Downloads\PulseGuard-AI\backend\node_modules\express\lib\router\route.js:119:3)
    at Layer.handle [as handle_request] (C:\Users\sapna jha\Downloads\PulseGuard-AI\backend\node_modules\express\lib\router\layer.js:95:5)
    at C:\Users\sapna jha\Downloads\PulseGuard-AI\backend\node_modules\express\lib\router\index.js:284:15
    at router.process_params (C:\Users\sapna jha\Downloads\PulseGuard-AI\backend\node_modules\express\lib\router\index.js:346:12)
    at next (C:\Users\sapna jha\Downloads\PulseGuard-AI\backend\node_modules\express\lib\router\index.js:280:10)
    at router.handle (C:\Users\sapna jha\Downloads\PulseGuard-AI\backend\node_modules\express\lib\router\index.js:175:3)
[2026-07-24T14:00:01.438Z] ERROR: TypeError: Cannot read properties of undefined (reading 'id')
    at C:\Users\sapna jha\Downloads\PulseGuard-AI\backend\controllers\alert.controller.js:17:60
    at asyncUtilWrap (C:\Users\sapna jha\Downloads\PulseGuard-AI\backend\node_modules\express-async-handler\index.js:3:20)
    at Layer.handle [as handle_request] (C:\Users\sapna jha\Downloads\PulseGuard-AI\backend\node_modules\express\lib\router\layer.js:95:5)
    at next (C:\Users\sapna jha\Downloads\PulseGuard-AI\backend\node_modules\express\lib\router\route.js:149:13)
    at next (C:\Users\sapna jha\Downloads\PulseGuard-AI\backend\node_modules\express\lib\router\route.js:145:7)
    at Route.dispatch (C:\Users\sapna jha\Downloads\PulseGuard-AI\backend\node_modules\express\lib\router\route.js:119:3)
    at Layer.handle [as handle_request] (C:\Users\sapna jha\Downloads\PulseGuard-AI\backend\node_modules\express\lib\router\layer.js:95:5)
    at C:\Users\sapna jha\Downloads\PulseGuard-AI\backend\node_modules\express\lib\router\index.js:284:15
    at router.process_params (C:\Users\sapna jha\Downloads\PulseGuard-AI\backend\node_modules\express\lib\router\index.js:346:12)
    at next (C:\Users\sapna jha\Downloads\PulseGuard-AI\backend\node_modules\express\lib\router\index.js:280:10)
[2026-07-24T14:00:01.469Z] ERROR: TypeError: Cannot read properties of undefined (reading 'id')
    at C:\Users\sapna jha\Downloads\PulseGuard-AI\backend\controllers\risk.controller.js:31:59
    at asyncUtilWrap (C:\Users\sapna jha\Downloads\PulseGuard-AI\backend\node_modules\express-async-handler\index.js:3:20)
    at Layer.handle [as handle_request] (C:\Users\sapna jha\Downloads\PulseGuard-AI\backend\node_modules\express\lib\router\layer.js:95:5)
    at next (C:\Users\sapna jha\Downloads\PulseGuard-AI\backend\node_modules\express\lib\router\route.js:149:13)
    at Route.dispatch (C:\Users\sapna jha\Downloads\PulseGuard-AI\backend\node_modules\express\lib\router\route.js:119:3)
    at Layer.handle [as handle_request] (C:\Users\sapna jha\Downloads\PulseGuard-AI\backend\node_modules\express\lib\router\layer.js:95:5)
    at C:\Users\sapna jha\Downloads\PulseGuard-AI\backend\node_modules\express\lib\router\index.js:284:15
    at router.process_params (C:\Users\sapna jha\Downloads\PulseGuard-AI\backend\node_modules\express\lib\router\index.js:346:12)
    at next (C:\Users\sapna jha\Downloads\PulseGuard-AI\backend\node_modules\express\lib\router\index.js:280:10)
    at router.handle (C:\Users\sapna jha\Downloads\PulseGuard-AI\backend\node_modules\express\lib\router\index.js:175:3)
[2026-07-24T14:00:01.484Z] ERROR: TypeError: Cannot read properties of undefined (reading 'id')
    at C:\Users\sapna jha\Downloads\PulseGuard-AI\backend\controllers\alert.controller.js:17:60
    at asyncUtilWrap (C:\Users\sapna jha\Downloads\PulseGuard-AI\backend\node_modules\express-async-handler\index.js:3:20)
    at Layer.handle [as handle_request] (C:\Users\sapna jha\Downloads\PulseGuard-AI\backend\node_modules\express\lib\router\layer.js:95:5)
    at next (C:\Users\sapna jha\Downloads\PulseGuard-AI\backend\node_modules\express\lib\router\route.js:149:13)
    at next (C:\Users\sapna jha\Downloads\PulseGuard-AI\backend\node_modules\express\lib\router\route.js:145:7)
    at Route.dispatch (C:\Users\sapna jha\Downloads\PulseGuard-AI\backend\node_modules\express\lib\router\route.js:119:3)
    at Layer.handle [as handle_request] (C:\Users\sapna jha\Downloads\PulseGuard-AI\backend\node_modules\express\lib\router\layer.js:95:5)
    at C:\Users\sapna jha\Downloads\PulseGuard-AI\backend\node_modules\express\lib\router\index.js:284:15
    at router.process_params (C:\Users\sapna jha\Downloads\PulseGuard-AI\backend\node_modules\express\lib\router\index.js:346:12)
    at next (C:\Users\sapna jha\Downloads\PulseGuard-AI\backend\node_modules\express\lib\router\index.js:280:10)
[2026-07-24T14:00:06.523Z] ERROR: TypeError: Cannot read properties of undefined (reading 'id')
    at C:\Users\sapna jha\Downloads\PulseGuard-AI\backend\controllers\risk.controller.js:31:59
    at asyncUtilWrap (C:\Users\sapna jha\Downloads\PulseGuard-AI\backend\node_modules\express-async-handler\index.js:3:20)
    at Layer.handle [as handle_request] (C:\Users\sapna jha\Downloads\PulseGuard-AI\backend\node_modules\express\lib\router\layer.js:95:5)
    at next (C:\Users\sapna jha\Downloads\PulseGuard-AI\backend\node_modules\express\lib\router\route.js:149:13)
    at Route.dispatch (C:\Users\sapna jha\Downloads\PulseGuard-AI\backend\node_modules\express\lib\router\route.js:119:3)
    at Layer.handle [as handle_request] (C:\Users\sapna jha\Downloads\PulseGuard-AI\backend\node_modules\express\lib\router\layer.js:95:5)
    at C:\Users\sapna jha\Downloads\PulseGuard-AI\backend\node_modules\express\lib\router\index.js:284:15
    at router.process_params (C:\Users\sapna jha\Downloads\PulseGuard-AI\backend\node_modules\express\lib\router\index.js:346:12)
    at next (C:\Users\sapna jha\Downloads\PulseGuard-AI\backend\node_modules\express\lib\router\index.js:280:10)
    at router.handle (C:\Users\sapna jha\Downloads\PulseGuard-AI\backend\node_modules\express\lib\router\index.js:175:3)
[2026-07-24T14:00:06.525Z] ERROR: TypeError: Cannot read properties of undefined (reading 'id')
    at C:\Users\sapna jha\Downloads\PulseGuard-AI\backend\controllers\alert.controller.js:17:60
    at asyncUtilWrap (C:\Users\sapna jha\Downloads\PulseGuard-AI\backend\node_modules\express-async-handler\index.js:3:20)
    at Layer.handle [as handle_request] (C:\Users\sapna jha\Downloads\PulseGuard-AI\backend\node_modules\express\lib\router\layer.js:95:5)
    at next (C:\Users\sapna jha\Downloads\PulseGuard-AI\backend\node_modules\express\lib\router\route.js:149:13)
    at next (C:\Users\sapna jha\Downloads\PulseGuard-AI\backend\node_modules\express\lib\router\route.js:145:7)
    at Route.dispatch (C:\Users\sapna jha\Downloads\PulseGuard-AI\backend\node_modules\express\lib\router\route.js:119:3)
    at Layer.handle [as handle_request] (C:\Users\sapna jha\Downloads\PulseGuard-AI\backend\node_modules\express\lib\router\layer.js:95:5)
    at C:\Users\sapna jha\Downloads\PulseGuard-AI\backend\node_modules\express\lib\router\index.js:284:15
    at router.process_params (C:\Users\sapna jha\Downloads\PulseGuard-AI\backend\node_modules\express\lib\router\index.js:346:12)
    at next (C:\Users\sapna jha\Downloads\PulseGuard-AI\backend\node_modules\express\lib\router\index.js:280:10)
[2026-07-24T14:00:06.526Z] ERROR: TypeError: Cannot read properties of undefined (reading 'id')
    at C:\Users\sapna jha\Downloads\PulseGuard-AI\backend\controllers\risk.controller.js:31:59
    at asyncUtilWrap (C:\Users\sapna jha\Downloads\PulseGuard-AI\backend\node_modules\express-async-handler\index.js:3:20)
    at Layer.handle [as handle_request] (C:\Users\sapna jha\Downloads\PulseGuard-AI\backend\node_modules\express\lib\router\layer.js:95:5)
    at next (C:\Users\sapna jha\Downloads\PulseGuard-AI\backend\node_modules\express\lib\router\route.js:149:13)
    at Route.dispatch (C:\Users\sapna jha\Downloads\PulseGuard-AI\backend\node_modules\express\lib\router\route.js:119:3)
    at Layer.handle [as handle_request] (C:\Users\sapna jha\Downloads\PulseGuard-AI\backend\node_modules\express\lib\router\layer.js:95:5)
    at C:\Users\sapna jha\Downloads\PulseGuard-AI\backend\node_modules\express\lib\router\index.js:284:15
    at router.process_params (C:\Users\sapna jha\Downloads\PulseGuard-AI\backend\node_modules\express\lib\router\index.js:346:12)
    at next (C:\Users\sapna jha\Downloads\PulseGuard-AI\backend\node_modules\express\lib\router\index.js:280:10)
    at router.handle (C:\Users\sapna jha\Downloads\PulseGuard-AI\backend\node_modules\express\lib\router\index.js:175:3)
[2026-07-24T14:00:06.528Z] ERROR: TypeError: Cannot read properties of undefined (reading 'id')
    at C:\Users\sapna jha\Downloads\PulseGuard-AI\backend\controllers\alert.controller.js:17:60
    at asyncUtilWrap (C:\Users\sapna jha\Downloads\PulseGuard-AI\backend\node_modules\express-async-handler\index.js:3:20)
    at Layer.handle [as handle_request] (C:\Users\sapna jha\Downloads\PulseGuard-AI\backend\node_modules\express\lib\router\layer.js:95:5)
    at next (C:\Users\sapna jha\Downloads\PulseGuard-AI\backend\node_modules\express\lib\router\route.js:149:13)
    at next (C:\Users\sapna jha\Downloads\PulseGuard-AI\backend\node_modules\express\lib\router\route.js:145:7)
    at Route.dispatch (C:\Users\sapna jha\Downloads\PulseGuard-AI\backend\node_modules\express\lib\router\route.js:119:3)
    at Layer.handle [as handle_request] (C:\Users\sapna jha\Downloads\PulseGuard-AI\backend\node_modules\express\lib\router\layer.js:95:5)
    at C:\Users\sapna jha\Downloads\PulseGuard-AI\backend\node_modules\express\lib\router\index.js:284:15
    at router.process_params (C:\Users\sapna jha\Downloads\PulseGuard-AI\backend\node_modules\express\lib\router\index.js:346:12)
    at next (C:\Users\sapna jha\Downloads\PulseGuard-AI\backend\node_modules\express\lib\router\index.js:280:10)
[2026-07-24T14:00:49.370Z] ERROR: TypeError: Cannot read properties of undefined (reading 'id')
    at C:\Users\sapna jha\Downloads\PulseGuard-AI\backend\controllers\risk.controller.js:31:59
    at asyncUtilWrap (C:\Users\sapna jha\Downloads\PulseGuard-AI\backend\node_modules\express-async-handler\index.js:3:20)
    at Layer.handle [as handle_request] (C:\Users\sapna jha\Downloads\PulseGuard-AI\backend\node_modules\express\lib\router\layer.js:95:5)
    at next (C:\Users\sapna jha\Downloads\PulseGuard-AI\backend\node_modules\express\lib\router\route.js:149:13)
    at Route.dispatch (C:\Users\sapna jha\Downloads\PulseGuard-AI\backend\node_modules\express\lib\router\route.js:119:3)
    at Layer.handle [as handle_request] (C:\Users\sapna jha\Downloads\PulseGuard-AI\backend\node_modules\express\lib\router\layer.js:95:5)
    at C:\Users\sapna jha\Downloads\PulseGuard-AI\backend\node_modules\express\lib\router\index.js:284:15
    at router.process_params (C:\Users\sapna jha\Downloads\PulseGuard-AI\backend\node_modules\express\lib\router\index.js:346:12)
    at next (C:\Users\sapna jha\Downloads\PulseGuard-AI\backend\node_modules\express\lib\router\index.js:280:10)
    at router.handle (C:\Users\sapna jha\Downloads\PulseGuard-AI\backend\node_modules\express\lib\router\index.js:175:3)
[2026-07-24T14:00:49.371Z] ERROR: TypeError: Cannot read properties of undefined (reading 'id')
    at C:\Users\sapna jha\Downloads\PulseGuard-AI\backend\controllers\alert.controller.js:17:60
    at asyncUtilWrap (C:\Users\sapna jha\Downloads\PulseGuard-AI\backend\node_modules\express-async-handler\index.js:3:20)
    at Layer.handle [as handle_request] (C:\Users\sapna jha\Downloads\PulseGuard-AI\backend\node_modules\express\lib\router\layer.js:95:5)
    at next (C:\Users\sapna jha\Downloads\PulseGuard-AI\backend\node_modules\express\lib\router\route.js:149:13)
    at next (C:\Users\sapna jha\Downloads\PulseGuard-AI\backend\node_modules\express\lib\router\route.js:145:7)
    at Route.dispatch (C:\Users\sapna jha\Downloads\PulseGuard-AI\backend\node_modules\express\lib\router\route.js:119:3)
    at Layer.handle [as handle_request] (C:\Users\sapna jha\Downloads\PulseGuard-AI\backend\node_modules\express\lib\router\layer.js:95:5)
    at C:\Users\sapna jha\Downloads\PulseGuard-AI\backend\node_modules\express\lib\router\index.js:284:15
    at router.process_params (C:\Users\sapna jha\Downloads\PulseGuard-AI\backend\node_modules\express\lib\router\index.js:346:12)
    at next (C:\Users\sapna jha\Downloads\PulseGuard-AI\backend\node_modules\express\lib\router\index.js:280:10)
[2026-07-24T14:00:49.374Z] ERROR: TypeError: Cannot read properties of undefined (reading 'id')
    at C:\Users\sapna jha\Downloads\PulseGuard-AI\backend\controllers\risk.controller.js:31:59
    at asyncUtilWrap (C:\Users\sapna jha\Downloads\PulseGuard-AI\backend\node_modules\express-async-handler\index.js:3:20)
    at Layer.handle [as handle_request] (C:\Users\sapna jha\Downloads\PulseGuard-AI\backend\node_modules\express\lib\router\layer.js:95:5)
    at next (C:\Users\sapna jha\Downloads\PulseGuard-AI\backend\node_modules\express\lib\router\route.js:149:13)
    at Route.dispatch (C:\Users\sapna jha\Downloads\PulseGuard-AI\backend\node_modules\express\lib\router\route.js:119:3)
    at Layer.handle [as handle_request] (C:\Users\sapna jha\Downloads\PulseGuard-AI\backend\node_modules\express\lib\router\layer.js:95:5)
    at C:\Users\sapna jha\Downloads\PulseGuard-AI\backend\node_modules\express\lib\router\index.js:284:15
    at router.process_params (C:\Users\sapna jha\Downloads\PulseGuard-AI\backend\node_modules\express\lib\router\index.js:346:12)
    at next (C:\Users\sapna jha\Downloads\PulseGuard-AI\backend\node_modules\express\lib\router\index.js:280:10)
    at router.handle (C:\Users\sapna jha\Downloads\PulseGuard-AI\backend\node_modules\express\lib\router\index.js:175:3)
[2026-07-24T14:00:49.376Z] ERROR: TypeError: Cannot read properties of undefined (reading 'id')
    at C:\Users\sapna jha\Downloads\PulseGuard-AI\backend\controllers\alert.controller.js:17:60
    at asyncUtilWrap (C:\Users\sapna jha\Downloads\PulseGuard-AI\backend\node_modules\express-async-handler\index.js:3:20)
    at Layer.handle [as handle_request] (C:\Users\sapna jha\Downloads\PulseGuard-AI\backend\node_modules\express\lib\router\layer.js:95:5)
    at next (C:\Users\sapna jha\Downloads\PulseGuard-AI\backend\node_modules\express\lib\router\route.js:149:13)
    at next (C:\Users\sapna jha\Downloads\PulseGuard-AI\backend\node_modules\express\lib\router\route.js:145:7)
    at Route.dispatch (C:\Users\sapna jha\Downloads\PulseGuard-AI\backend\node_modules\express\lib\router\route.js:119:3)
    at Layer.handle [as handle_request] (C:\Users\sapna jha\Downloads\PulseGuard-AI\backend\node_modules\express\lib\router\layer.js:95:5)
    at C:\Users\sapna jha\Downloads\PulseGuard-AI\backend\node_modules\express\lib\router\index.js:284:15
    at router.process_params (C:\Users\sapna jha\Downloads\PulseGuard-AI\backend\node_modules\express\lib\router\index.js:346:12)
    at next (C:\Users\sapna jha\Downloads\PulseGuard-AI\backend\node_modules\express\lib\router\index.js:280:10)
[2026-07-24T14:00:49.652Z] ERROR: TypeError: Cannot read properties of undefined (reading 'id')
    at C:\Users\sapna jha\Downloads\PulseGuard-AI\backend\controllers\risk.controller.js:31:59
    at asyncUtilWrap (C:\Users\sapna jha\Downloads\PulseGuard-AI\backend\node_modules\express-async-handler\index.js:3:20)
    at Layer.handle [as handle_request] (C:\Users\sapna jha\Downloads\PulseGuard-AI\backend\node_modules\express\lib\router\layer.js:95:5)
    at next (C:\Users\sapna jha\Downloads\PulseGuard-AI\backend\node_modules\express\lib\router\route.js:149:13)
    at Route.dispatch (C:\Users\sapna jha\Downloads\PulseGuard-AI\backend\node_modules\express\lib\router\route.js:119:3)
    at Layer.handle [as handle_request] (C:\Users\sapna jha\Downloads\PulseGuard-AI\backend\node_modules\express\lib\router\layer.js:95:5)
    at C:\Users\sapna jha\Downloads\PulseGuard-AI\backend\node_modules\express\lib\router\index.js:284:15
    at router.process_params (C:\Users\sapna jha\Downloads\PulseGuard-AI\backend\node_modules\express\lib\router\index.js:346:12)
    at next (C:\Users\sapna jha\Downloads\PulseGuard-AI\backend\node_modules\express\lib\router\index.js:280:10)
    at router.handle (C:\Users\sapna jha\Downloads\PulseGuard-AI\backend\node_modules\express\lib\router\index.js:175:3)
[2026-07-24T14:00:49.653Z] ERROR: TypeError: Cannot read properties of undefined (reading 'id')
    at C:\Users\sapna jha\Downloads\PulseGuard-AI\backend\controllers\alert.controller.js:17:60
    at asyncUtilWrap (C:\Users\sapna jha\Downloads\PulseGuard-AI\backend\node_modules\express-async-handler\index.js:3:20)
    at Layer.handle [as handle_request] (C:\Users\sapna jha\Downloads\PulseGuard-AI\backend\node_modules\express\lib\router\layer.js:95:5)
    at next (C:\Users\sapna jha\Downloads\PulseGuard-AI\backend\node_modules\express\lib\router\route.js:149:13)
    at next (C:\Users\sapna jha\Downloads\PulseGuard-AI\backend\node_modules\express\lib\router\route.js:145:7)
    at Route.dispatch (C:\Users\sapna jha\Downloads\PulseGuard-AI\backend\node_modules\express\lib\router\route.js:119:3)
    at Layer.handle [as handle_request] (C:\Users\sapna jha\Downloads\PulseGuard-AI\backend\node_modules\express\lib\router\layer.js:95:5)
    at C:\Users\sapna jha\Downloads\PulseGuard-AI\backend\node_modules\express\lib\router\index.js:284:15
    at router.process_params (C:\Users\sapna jha\Downloads\PulseGuard-AI\backend\node_modules\express\lib\router\index.js:346:12)
    at next (C:\Users\sapna jha\Downloads\PulseGuard-AI\backend\node_modules\express\lib\router\index.js:280:10)
[2026-07-24T14:00:49.655Z] ERROR: TypeError: Cannot read properties of undefined (reading 'id')
    at C:\Users\sapna jha\Downloads\PulseGuard-AI\backend\controllers\risk.controller.js:31:59
    at asyncUtilWrap (C:\Users\sapna jha\Downloads\PulseGuard-AI\backend\node_modules\express-async-handler\index.js:3:20)
    at Layer.handle [as handle_request] (C:\Users\sapna jha\Downloads\PulseGuard-AI\backend\node_modules\express\lib\router\layer.js:95:5)
    at next (C:\Users\sapna jha\Downloads\PulseGuard-AI\backend\node_modules\express\lib\router\route.js:149:13)
    at Route.dispatch (C:\Users\sapna jha\Downloads\PulseGuard-AI\backend\node_modules\express\lib\router\route.js:119:3)
    at Layer.handle [as handle_request] (C:\Users\sapna jha\Downloads\PulseGuard-AI\backend\node_modules\express\lib\router\layer.js:95:5)
    at C:\Users\sapna jha\Downloads\PulseGuard-AI\backend\node_modules\express\lib\router\index.js:284:15
    at router.process_params (C:\Users\sapna jha\Downloads\PulseGuard-AI\backend\node_modules\express\lib\router\index.js:346:12)
    at next (C:\Users\sapna jha\Downloads\PulseGuard-AI\backend\node_modules\express\lib\router\index.js:280:10)
    at router.handle (C:\Users\sapna jha\Downloads\PulseGuard-AI\backend\node_modules\express\lib\router\index.js:175:3)
[2026-07-24T14:00:49.658Z] ERROR: TypeError: Cannot read properties of undefined (reading 'id')
    at C:\Users\sapna jha\Downloads\PulseGuard-AI\backend\controllers\alert.controller.js:17:60
    at asyncUtilWrap (C:\Users\sapna jha\Downloads\PulseGuard-AI\backend\node_modules\express-async-handler\index.js:3:20)
    at Layer.handle [as handle_request] (C:\Users\sapna jha\Downloads\PulseGuard-AI\backend\node_modules\express\lib\router\layer.js:95:5)
    at next (C:\Users\sapna jha\Downloads\PulseGuard-AI\backend\node_modules\express\lib\router\route.js:149:13)
    at next (C:\Users\sapna jha\Downloads\PulseGuard-AI\backend\node_modules\express\lib\router\route.js:145:7)
    at Route.dispatch (C:\Users\sapna jha\Downloads\PulseGuard-AI\backend\node_modules\express\lib\router\route.js:119:3)
    at Layer.handle [as handle_request] (C:\Users\sapna jha\Downloads\PulseGuard-AI\backend\node_modules\express\lib\router\layer.js:95:5)
    at C:\Users\sapna jha\Downloads\PulseGuard-AI\backend\node_modules\express\lib\router\index.js:284:15
    at router.process_params (C:\Users\sapna jha\Downloads\PulseGuard-AI\backend\node_modules\express\lib\router\index.js:346:12)
    at next (C:\Users\sapna jha\Downloads\PulseGuard-AI\backend\node_modules\express\lib\router\index.js:280:10)
[2026-07-24T14:00:52.248Z] ERROR: TypeError: Cannot read properties of undefined (reading 'id')
    at C:\Users\sapna jha\Downloads\PulseGuard-AI\backend\controllers\risk.controller.js:31:59
    at asyncUtilWrap (C:\Users\sapna jha\Downloads\PulseGuard-AI\backend\node_modules\express-async-handler\index.js:3:20)
    at Layer.handle [as handle_request] (C:\Users\sapna jha\Downloads\PulseGuard-AI\backend\node_modules\express\lib\router\layer.js:95:5)
    at next (C:\Users\sapna jha\Downloads\PulseGuard-AI\backend\node_modules\express\lib\router\route.js:149:13)
    at Route.dispatch (C:\Users\sapna jha\Downloads\PulseGuard-AI\backend\node_modules\express\lib\router\route.js:119:3)
    at Layer.handle [as handle_request] (C:\Users\sapna jha\Downloads\PulseGuard-AI\backend\node_modules\express\lib\router\layer.js:95:5)
    at C:\Users\sapna jha\Downloads\PulseGuard-AI\backend\node_modules\express\lib\router\index.js:284:15
    at router.process_params (C:\Users\sapna jha\Downloads\PulseGuard-AI\backend\node_modules\express\lib\router\index.js:346:12)
    at next (C:\Users\sapna jha\Downloads\PulseGuard-AI\backend\node_modules\express\lib\router\index.js:280:10)
    at router.handle (C:\Users\sapna jha\Downloads\PulseGuard-AI\backend\node_modules\express\lib\router\index.js:175:3)
[2026-07-24T14:00:52.249Z] ERROR: TypeError: Cannot read properties of undefined (reading 'id')
    at C:\Users\sapna jha\Downloads\PulseGuard-AI\backend\controllers\alert.controller.js:17:60
    at asyncUtilWrap (C:\Users\sapna jha\Downloads\PulseGuard-AI\backend\node_modules\express-async-handler\index.js:3:20)
    at Layer.handle [as handle_request] (C:\Users\sapna jha\Downloads\PulseGuard-AI\backend\node_modules\express\lib\router\layer.js:95:5)
    at next (C:\Users\sapna jha\Downloads\PulseGuard-AI\backend\node_modules\express\lib\router\route.js:149:13)
    at next (C:\Users\sapna jha\Downloads\PulseGuard-AI\backend\node_modules\express\lib\router\route.js:145:7)
    at Route.dispatch (C:\Users\sapna jha\Downloads\PulseGuard-AI\backend\node_modules\express\lib\router\route.js:119:3)
    at Layer.handle [as handle_request] (C:\Users\sapna jha\Downloads\PulseGuard-AI\backend\node_modules\express\lib\router\layer.js:95:5)
    at C:\Users\sapna jha\Downloads\PulseGuard-AI\backend\node_modules\express\lib\router\index.js:284:15
    at router.process_params (C:\Users\sapna jha\Downloads\PulseGuard-AI\backend\node_modules\express\lib\router\index.js:346:12)
    at next (C:\Users\sapna jha\Downloads\PulseGuard-AI\backend\node_modules\express\lib\router\index.js:280:10)
[2026-07-24T14:00:52.250Z] ERROR: TypeError: Cannot read properties of undefined (reading 'id')
    at C:\Users\sapna jha\Downloads\PulseGuard-AI\backend\controllers\risk.controller.js:31:59
    at asyncUtilWrap (C:\Users\sapna jha\Downloads\PulseGuard-AI\backend\node_modules\express-async-handler\index.js:3:20)
    at Layer.handle [as handle_request] (C:\Users\sapna jha\Downloads\PulseGuard-AI\backend\node_modules\express\lib\router\layer.js:95:5)
    at next (C:\Users\sapna jha\Downloads\PulseGuard-AI\backend\node_modules\express\lib\router\route.js:149:13)
    at Route.dispatch (C:\Users\sapna jha\Downloads\PulseGuard-AI\backend\node_modules\express\lib\router\route.js:119:3)
    at Layer.handle [as handle_request] (C:\Users\sapna jha\Downloads\PulseGuard-AI\backend\node_modules\express\lib\router\layer.js:95:5)
    at C:\Users\sapna jha\Downloads\PulseGuard-AI\backend\node_modules\express\lib\router\index.js:284:15
    at router.process_params (C:\Users\sapna jha\Downloads\PulseGuard-AI\backend\node_modules\express\lib\router\index.js:346:12)
    at next (C:\Users\sapna jha\Downloads\PulseGuard-AI\backend\node_modules\express\lib\router\index.js:280:10)
    at router.handle (C:\Users\sapna jha\Downloads\PulseGuard-AI\backend\node_modules\express\lib\router\index.js:175:3)
[2026-07-24T14:00:52.251Z] ERROR: TypeError: Cannot read properties of undefined (reading 'id')
    at C:\Users\sapna jha\Downloads\PulseGuard-AI\backend\controllers\alert.controller.js:17:60
    at asyncUtilWrap (C:\Users\sapna jha\Downloads\PulseGuard-AI\backend\node_modules\express-async-handler\index.js:3:20)
    at Layer.handle [as handle_request] (C:\Users\sapna jha\Downloads\PulseGuard-AI\backend\node_modules\express\lib\router\layer.js:95:5)
    at next (C:\Users\sapna jha\Downloads\PulseGuard-AI\backend\node_modules\express\lib\router\route.js:149:13)
    at next (C:\Users\sapna jha\Downloads\PulseGuard-AI\backend\node_modules\express\lib\router\route.js:145:7)
    at Route.dispatch (C:\Users\sapna jha\Downloads\PulseGuard-AI\backend\node_modules\express\lib\router\route.js:119:3)
    at Layer.handle [as handle_request] (C:\Users\sapna jha\Downloads\PulseGuard-AI\backend\node_modules\express\lib\router\layer.js:95:5)
    at C:\Users\sapna jha\Downloads\PulseGuard-AI\backend\node_modules\express\lib\router\index.js:284:15
    at router.process_params (C:\Users\sapna jha\Downloads\PulseGuard-AI\backend\node_modules\express\lib\router\index.js:346:12)
    at next (C:\Users\sapna jha\Downloads\PulseGuard-AI\backend\node_modules\express\lib\router\index.js:280:10)
[2026-07-24T14:00:55.031Z] ERROR: TypeError: Cannot read properties of undefined (reading 'id')
    at C:\Users\sapna jha\Downloads\PulseGuard-AI\backend\controllers\risk.controller.js:31:59
    at asyncUtilWrap (C:\Users\sapna jha\Downloads\PulseGuard-AI\backend\node_modules\express-async-handler\index.js:3:20)
    at Layer.handle [as handle_request] (C:\Users\sapna jha\Downloads\PulseGuard-AI\backend\node_modules\express\lib\router\layer.js:95:5)
    at next (C:\Users\sapna jha\Downloads\PulseGuard-AI\backend\node_modules\express\lib\router\route.js:149:13)
    at Route.dispatch (C:\Users\sapna jha\Downloads\PulseGuard-AI\backend\node_modules\express\lib\router\route.js:119:3)
    at Layer.handle [as handle_request] (C:\Users\sapna jha\Downloads\PulseGuard-AI\backend\node_modules\express\lib\router\layer.js:95:5)
    at C:\Users\sapna jha\Downloads\PulseGuard-AI\backend\node_modules\express\lib\router\index.js:284:15
    at router.process_params (C:\Users\sapna jha\Downloads\PulseGuard-AI\backend\node_modules\express\lib\router\index.js:346:12)
    at next (C:\Users\sapna jha\Downloads\PulseGuard-AI\backend\node_modules\express\lib\router\index.js:280:10)
    at router.handle (C:\Users\sapna jha\Downloads\PulseGuard-AI\backend\node_modules\express\lib\router\index.js:175:3)
[2026-07-24T14:00:55.032Z] ERROR: TypeError: Cannot read properties of undefined (reading 'id')
    at C:\Users\sapna jha\Downloads\PulseGuard-AI\backend\controllers\alert.controller.js:17:60
    at asyncUtilWrap (C:\Users\sapna jha\Downloads\PulseGuard-AI\backend\node_modules\express-async-handler\index.js:3:20)
    at Layer.handle [as handle_request] (C:\Users\sapna jha\Downloads\PulseGuard-AI\backend\node_modules\express\lib\router\layer.js:95:5)
    at next (C:\Users\sapna jha\Downloads\PulseGuard-AI\backend\node_modules\express\lib\router\route.js:149:13)
    at next (C:\Users\sapna jha\Downloads\PulseGuard-AI\backend\node_modules\express\lib\router\route.js:145:7)
    at Route.dispatch (C:\Users\sapna jha\Downloads\PulseGuard-AI\backend\node_modules\express\lib\router\route.js:119:3)
    at Layer.handle [as handle_request] (C:\Users\sapna jha\Downloads\PulseGuard-AI\backend\node_modules\express\lib\router\layer.js:95:5)
    at C:\Users\sapna jha\Downloads\PulseGuard-AI\backend\node_modules\express\lib\router\index.js:284:15
    at router.process_params (C:\Users\sapna jha\Downloads\PulseGuard-AI\backend\node_modules\express\lib\router\index.js:346:12)
    at next (C:\Users\sapna jha\Downloads\PulseGuard-AI\backend\node_modules\express\lib\router\index.js:280:10)
[2026-07-24T14:00:55.033Z] ERROR: TypeError: Cannot read properties of undefined (reading 'id')
    at C:\Users\sapna jha\Downloads\PulseGuard-AI\backend\controllers\risk.controller.js:31:59
    at asyncUtilWrap (C:\Users\sapna jha\Downloads\PulseGuard-AI\backend\node_modules\express-async-handler\index.js:3:20)
    at Layer.handle [as handle_request] (C:\Users\sapna jha\Downloads\PulseGuard-AI\backend\node_modules\express\lib\router\layer.js:95:5)
    at next (C:\Users\sapna jha\Downloads\PulseGuard-AI\backend\node_modules\express\lib\router\route.js:149:13)
    at Route.dispatch (C:\Users\sapna jha\Downloads\PulseGuard-AI\backend\node_modules\express\lib\router\route.js:119:3)
    at Layer.handle [as handle_request] (C:\Users\sapna jha\Downloads\PulseGuard-AI\backend\node_modules\express\lib\router\layer.js:95:5)
    at C:\Users\sapna jha\Downloads\PulseGuard-AI\backend\node_modules\express\lib\router\index.js:284:15
    at router.process_params (C:\Users\sapna jha\Downloads\PulseGuard-AI\backend\node_modules\express\lib\router\index.js:346:12)
    at next (C:\Users\sapna jha\Downloads\PulseGuard-AI\backend\node_modules\express\lib\router\index.js:280:10)
    at router.handle (C:\Users\sapna jha\Downloads\PulseGuard-AI\backend\node_modules\express\lib\router\index.js:175:3)
[2026-07-24T14:00:55.033Z] ERROR: TypeError: Cannot read properties of undefined (reading 'id')
    at C:\Users\sapna jha\Downloads\PulseGuard-AI\backend\controllers\alert.controller.js:17:60
    at asyncUtilWrap (C:\Users\sapna jha\Downloads\PulseGuard-AI\backend\node_modules\express-async-handler\index.js:3:20)
    at Layer.handle [as handle_request] (C:\Users\sapna jha\Downloads\PulseGuard-AI\backend\node_modules\express\lib\router\layer.js:95:5)
    at next (C:\Users\sapna jha\Downloads\PulseGuard-AI\backend\node_modules\express\lib\router\route.js:149:13)
    at next (C:\Users\sapna jha\Downloads\PulseGuard-AI\backend\node_modules\express\lib\router\route.js:145:7)
    at Route.dispatch (C:\Users\sapna jha\Downloads\PulseGuard-AI\backend\node_modules\express\lib\router\route.js:119:3)
    at Layer.handle [as handle_request] (C:\Users\sapna jha\Downloads\PulseGuard-AI\backend\node_modules\express\lib\router\layer.js:95:5)
    at C:\Users\sapna jha\Downloads\PulseGuard-AI\backend\node_modules\express\lib\router\index.js:284:15
    at router.process_params (C:\Users\sapna jha\Downloads\PulseGuard-AI\backend\node_modules\express\lib\router\index.js:346:12)
    at next (C:\Users\sapna jha\Downloads\PulseGuard-AI\backend\node_modules\express\lib\router\index.js:280:10)
[2026-07-24T14:00:55.300Z] ERROR: TypeError: Cannot read properties of undefined (reading 'id')
    at C:\Users\sapna jha\Downloads\PulseGuard-AI\backend\controllers\risk.controller.js:31:59
    at asyncUtilWrap (C:\Users\sapna jha\Downloads\PulseGuard-AI\backend\node_modules\express-async-handler\index.js:3:20)
    at Layer.handle [as handle_request] (C:\Users\sapna jha\Downloads\PulseGuard-AI\backend\node_modules\express\lib\router\layer.js:95:5)
    at next (C:\Users\sapna jha\Downloads\PulseGuard-AI\backend\node_modules\express\lib\router\route.js:149:13)
    at Route.dispatch (C:\Users\sapna jha\Downloads\PulseGuard-AI\backend\node_modules\express\lib\router\route.js:119:3)
    at Layer.handle [as handle_request] (C:\Users\sapna jha\Downloads\PulseGuard-AI\backend\node_modules\express\lib\router\layer.js:95:5)
    at C:\Users\sapna jha\Downloads\PulseGuard-AI\backend\node_modules\express\lib\router\index.js:284:15
    at router.process_params (C:\Users\sapna jha\Downloads\PulseGuard-AI\backend\node_modules\express\lib\router\index.js:346:12)
    at next (C:\Users\sapna jha\Downloads\PulseGuard-AI\backend\node_modules\express\lib\router\index.js:280:10)
    at router.handle (C:\Users\sapna jha\Downloads\PulseGuard-AI\backend\node_modules\express\lib\router\index.js:175:3)
[2026-07-24T14:00:55.301Z] ERROR: TypeError: Cannot read properties of undefined (reading 'id')
    at C:\Users\sapna jha\Downloads\PulseGuard-AI\backend\controllers\alert.controller.js:17:60
    at asyncUtilWrap (C:\Users\sapna jha\Downloads\PulseGuard-AI\backend\node_modules\express-async-handler\index.js:3:20)
    at Layer.handle [as handle_request] (C:\Users\sapna jha\Downloads\PulseGuard-AI\backend\node_modules\express\lib\router\layer.js:95:5)
    at next (C:\Users\sapna jha\Downloads\PulseGuard-AI\backend\node_modules\express\lib\router\route.js:149:13)
    at next (C:\Users\sapna jha\Downloads\PulseGuard-AI\backend\node_modules\express\lib\router\route.js:145:7)
    at Route.dispatch (C:\Users\sapna jha\Downloads\PulseGuard-AI\backend\node_modules\express\lib\router\route.js:119:3)
    at Layer.handle [as handle_request] (C:\Users\sapna jha\Downloads\PulseGuard-AI\backend\node_modules\express\lib\router\layer.js:95:5)
    at C:\Users\sapna jha\Downloads\PulseGuard-AI\backend\node_modules\express\lib\router\index.js:284:15
    at router.process_params (C:\Users\sapna jha\Downloads\PulseGuard-AI\backend\node_modules\express\lib\router\index.js:346:12)
    at next (C:\Users\sapna jha\Downloads\PulseGuard-AI\backend\node_modules\express\lib\router\index.js:280:10)
[2026-07-24T14:00:55.302Z] ERROR: TypeError: Cannot read properties of undefined (reading 'id')
    at C:\Users\sapna jha\Downloads\PulseGuard-AI\backend\controllers\risk.controller.js:31:59
    at asyncUtilWrap (C:\Users\sapna jha\Downloads\PulseGuard-AI\backend\node_modules\express-async-handler\index.js:3:20)
    at Layer.handle [as handle_request] (C:\Users\sapna jha\Downloads\PulseGuard-AI\backend\node_modules\express\lib\router\layer.js:95:5)
    at next (C:\Users\sapna jha\Downloads\PulseGuard-AI\backend\node_modules\express\lib\router\route.js:149:13)
    at Route.dispatch (C:\Users\sapna jha\Downloads\PulseGuard-AI\backend\node_modules\express\lib\router\route.js:119:3)
    at Layer.handle [as handle_request] (C:\Users\sapna jha\Downloads\PulseGuard-AI\backend\node_modules\express\lib\router\layer.js:95:5)
    at C:\Users\sapna jha\Downloads\PulseGuard-AI\backend\node_modules\express\lib\router\index.js:284:15
    at router.process_params (C:\Users\sapna jha\Downloads\PulseGuard-AI\backend\node_modules\express\lib\router\index.js:346:12)
    at next (C:\Users\sapna jha\Downloads\PulseGuard-AI\backend\node_modules\express\lib\router\index.js:280:10)
    at router.handle (C:\Users\sapna jha\Downloads\PulseGuard-AI\backend\node_modules\express\lib\router\index.js:175:3)
[2026-07-24T14:00:55.303Z] ERROR: TypeError: Cannot read properties of undefined (reading 'id')
    at C:\Users\sapna jha\Downloads\PulseGuard-AI\backend\controllers\alert.controller.js:17:60
    at asyncUtilWrap (C:\Users\sapna jha\Downloads\PulseGuard-AI\backend\node_modules\express-async-handler\index.js:3:20)
    at Layer.handle [as handle_request] (C:\Users\sapna jha\Downloads\PulseGuard-AI\backend\node_modules\express\lib\router\layer.js:95:5)
    at next (C:\Users\sapna jha\Downloads\PulseGuard-AI\backend\node_modules\express\lib\router\route.js:149:13)
    at next (C:\Users\sapna jha\Downloads\PulseGuard-AI\backend\node_modules\express\lib\router\route.js:145:7)
    at Route.dispatch (C:\Users\sapna jha\Downloads\PulseGuard-AI\backend\node_modules\express\lib\router\route.js:119:3)
    at Layer.handle [as handle_request] (C:\Users\sapna jha\Downloads\PulseGuard-AI\backend\node_modules\express\lib\router\layer.js:95:5)
    at C:\Users\sapna jha\Downloads\PulseGuard-AI\backend\node_modules\express\lib\router\index.js:284:15
    at router.process_params (C:\Users\sapna jha\Downloads\PulseGuard-AI\backend\node_modules\express\lib\router\index.js:346:12)
    at next (C:\Users\sapna jha\Downloads\PulseGuard-AI\backend\node_modules\express\lib\router\index.js:280:10)
[2026-07-24T14:00:56.269Z] ERROR: TypeError: Cannot read properties of undefined (reading 'id')
    at C:\Users\sapna jha\Downloads\PulseGuard-AI\backend\controllers\risk.controller.js:31:59
    at asyncUtilWrap (C:\Users\sapna jha\Downloads\PulseGuard-AI\backend\node_modules\express-async-handler\index.js:3:20)
    at Layer.handle [as handle_request] (C:\Users\sapna jha\Downloads\PulseGuard-AI\backend\node_modules\express\lib\router\layer.js:95:5)
    at next (C:\Users\sapna jha\Downloads\PulseGuard-AI\backend\node_modules\express\lib\router\route.js:149:13)
    at Route.dispatch (C:\Users\sapna jha\Downloads\PulseGuard-AI\backend\node_modules\express\lib\router\route.js:119:3)
    at Layer.handle [as handle_request] (C:\Users\sapna jha\Downloads\PulseGuard-AI\backend\node_modules\express\lib\router\layer.js:95:5)
    at C:\Users\sapna jha\Downloads\PulseGuard-AI\backend\node_modules\express\lib\router\index.js:284:15
    at router.process_params (C:\Users\sapna jha\Downloads\PulseGuard-AI\backend\node_modules\express\lib\router\index.js:346:12)
    at next (C:\Users\sapna jha\Downloads\PulseGuard-AI\backend\node_modules\express\lib\router\index.js:280:10)
    at router.handle (C:\Users\sapna jha\Downloads\PulseGuard-AI\backend\node_modules\express\lib\router\index.js:175:3)
[2026-07-24T14:00:56.270Z] ERROR: TypeError: Cannot read properties of undefined (reading 'id')
    at C:\Users\sapna jha\Downloads\PulseGuard-AI\backend\controllers\alert.controller.js:17:60
    at asyncUtilWrap (C:\Users\sapna jha\Downloads\PulseGuard-AI\backend\node_modules\express-async-handler\index.js:3:20)
    at Layer.handle [as handle_request] (C:\Users\sapna jha\Downloads\PulseGuard-AI\backend\node_modules\express\lib\router\layer.js:95:5)
    at next (C:\Users\sapna jha\Downloads\PulseGuard-AI\backend\node_modules\express\lib\router\route.js:149:13)
    at next (C:\Users\sapna jha\Downloads\PulseGuard-AI\backend\node_modules\express\lib\router\route.js:145:7)
    at Route.dispatch (C:\Users\sapna jha\Downloads\PulseGuard-AI\backend\node_modules\express\lib\router\route.js:119:3)
    at Layer.handle [as handle_request] (C:\Users\sapna jha\Downloads\PulseGuard-AI\backend\node_modules\express\lib\router\layer.js:95:5)
    at C:\Users\sapna jha\Downloads\PulseGuard-AI\backend\node_modules\express\lib\router\index.js:284:15
    at router.process_params (C:\Users\sapna jha\Downloads\PulseGuard-AI\backend\node_modules\express\lib\router\index.js:346:12)
    at next (C:\Users\sapna jha\Downloads\PulseGuard-AI\backend\node_modules\express\lib\router\index.js:280:10)
[2026-07-24T14:00:56.271Z] ERROR: TypeError: Cannot read properties of undefined (reading 'id')
    at C:\Users\sapna jha\Downloads\PulseGuard-AI\backend\controllers\risk.controller.js:31:59
    at asyncUtilWrap (C:\Users\sapna jha\Downloads\PulseGuard-AI\backend\node_modules\express-async-handler\index.js:3:20)
    at Layer.handle [as handle_request] (C:\Users\sapna jha\Downloads\PulseGuard-AI\backend\node_modules\express\lib\router\layer.js:95:5)
    at next (C:\Users\sapna jha\Downloads\PulseGuard-AI\backend\node_modules\express\lib\router\route.js:149:13)
    at Route.dispatch (C:\Users\sapna jha\Downloads\PulseGuard-AI\backend\node_modules\express\lib\router\route.js:119:3)
    at Layer.handle [as handle_request] (C:\Users\sapna jha\Downloads\PulseGuard-AI\backend\node_modules\express\lib\router\layer.js:95:5)
    at C:\Users\sapna jha\Downloads\PulseGuard-AI\backend\node_modules\express\lib\router\index.js:284:15
    at router.process_params (C:\Users\sapna jha\Downloads\PulseGuard-AI\backend\node_modules\express\lib\router\index.js:346:12)
    at next (C:\Users\sapna jha\Downloads\PulseGuard-AI\backend\node_modules\express\lib\router\index.js:280:10)
    at router.handle (C:\Users\sapna jha\Downloads\PulseGuard-AI\backend\node_modules\express\lib\router\index.js:175:3)
[2026-07-24T14:00:56.272Z] ERROR: TypeError: Cannot read properties of undefined (reading 'id')
    at C:\Users\sapna jha\Downloads\PulseGuard-AI\backend\controllers\alert.controller.js:17:60
    at asyncUtilWrap (C:\Users\sapna jha\Downloads\PulseGuard-AI\backend\node_modules\express-async-handler\index.js:3:20)
    at Layer.handle [as handle_request] (C:\Users\sapna jha\Downloads\PulseGuard-AI\backend\node_modules\express\lib\router\layer.js:95:5)
    at next (C:\Users\sapna jha\Downloads\PulseGuard-AI\backend\node_modules\express\lib\router\route.js:149:13)
    at next (C:\Users\sapna jha\Downloads\PulseGuard-AI\backend\node_modules\express\lib\router\route.js:145:7)
    at Route.dispatch (C:\Users\sapna jha\Downloads\PulseGuard-AI\backend\node_modules\express\lib\router\route.js:119:3)
    at Layer.handle [as handle_request] (C:\Users\sapna jha\Downloads\PulseGuard-AI\backend\node_modules\express\lib\router\layer.js:95:5)
    at C:\Users\sapna jha\Downloads\PulseGuard-AI\backend\node_modules\express\lib\router\index.js:284:15
    at router.process_params (C:\Users\sapna jha\Downloads\PulseGuard-AI\backend\node_modules\express\lib\router\index.js:346:12)
    at next (C:\Users\sapna jha\Downloads\PulseGuard-AI\backend\node_modules\express\lib\router\index.js:280:10)
[2026-07-24T14:01:24.139Z] ERROR: TypeError: Cannot read properties of undefined (reading 'id')
    at C:\Users\sapna jha\Downloads\PulseGuard-AI\backend\controllers\risk.controller.js:31:59
    at asyncUtilWrap (C:\Users\sapna jha\Downloads\PulseGuard-AI\backend\node_modules\express-async-handler\index.js:3:20)
    at Layer.handle [as handle_request] (C:\Users\sapna jha\Downloads\PulseGuard-AI\backend\node_modules\express\lib\router\layer.js:95:5)
    at next (C:\Users\sapna jha\Downloads\PulseGuard-AI\backend\node_modules\express\lib\router\route.js:149:13)
    at Route.dispatch (C:\Users\sapna jha\Downloads\PulseGuard-AI\backend\node_modules\express\lib\router\route.js:119:3)
    at Layer.handle [as handle_request] (C:\Users\sapna jha\Downloads\PulseGuard-AI\backend\node_modules\express\lib\router\layer.js:95:5)
    at C:\Users\sapna jha\Downloads\PulseGuard-AI\backend\node_modules\express\lib\router\index.js:284:15
    at router.process_params (C:\Users\sapna jha\Downloads\PulseGuard-AI\backend\node_modules\express\lib\router\index.js:346:12)
    at next (C:\Users\sapna jha\Downloads\PulseGuard-AI\backend\node_modules\express\lib\router\index.js:280:10)
    at router.handle (C:\Users\sapna jha\Downloads\PulseGuard-AI\backend\node_modules\express\lib\router\index.js:175:3)
[2026-07-24T14:01:24.143Z] ERROR: TypeError: Cannot read properties of undefined (reading 'id')
    at C:\Users\sapna jha\Downloads\PulseGuard-AI\backend\controllers\alert.controller.js:17:60
    at asyncUtilWrap (C:\Users\sapna jha\Downloads\PulseGuard-AI\backend\node_modules\express-async-handler\index.js:3:20)
    at Layer.handle [as handle_request] (C:\Users\sapna jha\Downloads\PulseGuard-AI\backend\node_modules\express\lib\router\layer.js:95:5)
    at next (C:\Users\sapna jha\Downloads\PulseGuard-AI\backend\node_modules\express\lib\router\route.js:149:13)
    at next (C:\Users\sapna jha\Downloads\PulseGuard-AI\backend\node_modules\express\lib\router\route.js:145:7)
    at Route.dispatch (C:\Users\sapna jha\Downloads\PulseGuard-AI\backend\node_modules\express\lib\router\route.js:119:3)
    at Layer.handle [as handle_request] (C:\Users\sapna jha\Downloads\PulseGuard-AI\backend\node_modules\express\lib\router\layer.js:95:5)
    at C:\Users\sapna jha\Downloads\PulseGuard-AI\backend\node_modules\express\lib\router\index.js:284:15
    at router.process_params (C:\Users\sapna jha\Downloads\PulseGuard-AI\backend\node_modules\express\lib\router\index.js:346:12)
    at next (C:\Users\sapna jha\Downloads\PulseGuard-AI\backend\node_modules\express\lib\router\index.js:280:10)
[2026-07-24T14:01:24.156Z] ERROR: TypeError: Cannot read properties of undefined (reading 'id')
    at C:\Users\sapna jha\Downloads\PulseGuard-AI\backend\controllers\risk.controller.js:31:59
    at asyncUtilWrap (C:\Users\sapna jha\Downloads\PulseGuard-AI\backend\node_modules\express-async-handler\index.js:3:20)
    at Layer.handle [as handle_request] (C:\Users\sapna jha\Downloads\PulseGuard-AI\backend\node_modules\express\lib\router\layer.js:95:5)
    at next (C:\Users\sapna jha\Downloads\PulseGuard-AI\backend\node_modules\express\lib\router\route.js:149:13)
    at Route.dispatch (C:\Users\sapna jha\Downloads\PulseGuard-AI\backend\node_modules\express\lib\router\route.js:119:3)
    at Layer.handle [as handle_request] (C:\Users\sapna jha\Downloads\PulseGuard-AI\backend\node_modules\express\lib\router\layer.js:95:5)
    at C:\Users\sapna jha\Downloads\PulseGuard-AI\backend\node_modules\express\lib\router\index.js:284:15
    at router.process_params (C:\Users\sapna jha\Downloads\PulseGuard-AI\backend\node_modules\express\lib\router\index.js:346:12)
    at next (C:\Users\sapna jha\Downloads\PulseGuard-AI\backend\node_modules\express\lib\router\index.js:280:10)
    at router.handle (C:\Users\sapna jha\Downloads\PulseGuard-AI\backend\node_modules\express\lib\router\index.js:175:3)
[2026-07-24T14:01:24.163Z] ERROR: TypeError: Cannot read properties of undefined (reading 'id')
    at C:\Users\sapna jha\Downloads\PulseGuard-AI\backend\controllers\alert.controller.js:17:60
    at asyncUtilWrap (C:\Users\sapna jha\Downloads\PulseGuard-AI\backend\node_modules\express-async-handler\index.js:3:20)
    at Layer.handle [as handle_request] (C:\Users\sapna jha\Downloads\PulseGuard-AI\backend\node_modules\express\lib\router\layer.js:95:5)
    at next (C:\Users\sapna jha\Downloads\PulseGuard-AI\backend\node_modules\express\lib\router\route.js:149:13)
    at next (C:\Users\sapna jha\Downloads\PulseGuard-AI\backend\node_modules\express\lib\router\route.js:145:7)
    at Route.dispatch (C:\Users\sapna jha\Downloads\PulseGuard-AI\backend\node_modules\express\lib\router\route.js:119:3)
    at Layer.handle [as handle_request] (C:\Users\sapna jha\Downloads\PulseGuard-AI\backend\node_modules\express\lib\router\layer.js:95:5)
    at C:\Users\sapna jha\Downloads\PulseGuard-AI\backend\node_modules\express\lib\router\index.js:284:15
    at router.process_params (C:\Users\sapna jha\Downloads\PulseGuard-AI\backend\node_modules\express\lib\router\index.js:346:12)
    at next (C:\Users\sapna jha\Downloads\PulseGuard-AI\backend\node_modules\express\lib\router\index.js:280:10)
[2026-07-24T14:01:26.455Z] ERROR: TypeError: Cannot read properties of undefined (reading 'id')
    at C:\Users\sapna jha\Downloads\PulseGuard-AI\backend\controllers\risk.controller.js:31:59
    at asyncUtilWrap (C:\Users\sapna jha\Downloads\PulseGuard-AI\backend\node_modules\express-async-handler\index.js:3:20)
    at Layer.handle [as handle_request] (C:\Users\sapna jha\Downloads\PulseGuard-AI\backend\node_modules\express\lib\router\layer.js:95:5)
    at next (C:\Users\sapna jha\Downloads\PulseGuard-AI\backend\node_modules\express\lib\router\route.js:149:13)
    at Route.dispatch (C:\Users\sapna jha\Downloads\PulseGuard-AI\backend\node_modules\express\lib\router\route.js:119:3)
    at Layer.handle [as handle_request] (C:\Users\sapna jha\Downloads\PulseGuard-AI\backend\node_modules\express\lib\router\layer.js:95:5)
    at C:\Users\sapna jha\Downloads\PulseGuard-AI\backend\node_modules\express\lib\router\index.js:284:15
    at router.process_params (C:\Users\sapna jha\Downloads\PulseGuard-AI\backend\node_modules\express\lib\router\index.js:346:12)
    at next (C:\Users\sapna jha\Downloads\PulseGuard-AI\backend\node_modules\express\lib\router\index.js:280:10)
    at router.handle (C:\Users\sapna jha\Downloads\PulseGuard-AI\backend\node_modules\express\lib\router\index.js:175:3)
[2026-07-24T14:01:26.457Z] ERROR: TypeError: Cannot read properties of undefined (reading 'id')
    at C:\Users\sapna jha\Downloads\PulseGuard-AI\backend\controllers\alert.controller.js:17:60
    at asyncUtilWrap (C:\Users\sapna jha\Downloads\PulseGuard-AI\backend\node_modules\express-async-handler\index.js:3:20)
    at Layer.handle [as handle_request] (C:\Users\sapna jha\Downloads\PulseGuard-AI\backend\node_modules\express\lib\router\layer.js:95:5)
    at next (C:\Users\sapna jha\Downloads\PulseGuard-AI\backend\node_modules\express\lib\router\route.js:149:13)
    at next (C:\Users\sapna jha\Downloads\PulseGuard-AI\backend\node_modules\express\lib\router\route.js:145:7)
    at Route.dispatch (C:\Users\sapna jha\Downloads\PulseGuard-AI\backend\node_modules\express\lib\router\route.js:119:3)
    at Layer.handle [as handle_request] (C:\Users\sapna jha\Downloads\PulseGuard-AI\backend\node_modules\express\lib\router\layer.js:95:5)
    at C:\Users\sapna jha\Downloads\PulseGuard-AI\backend\node_modules\express\lib\router\index.js:284:15
    at router.process_params (C:\Users\sapna jha\Downloads\PulseGuard-AI\backend\node_modules\express\lib\router\index.js:346:12)
    at next (C:\Users\sapna jha\Downloads\PulseGuard-AI\backend\node_modules\express\lib\router\index.js:280:10)
[2026-07-24T14:01:26.471Z] ERROR: TypeError: Cannot read properties of undefined (reading 'id')
    at C:\Users\sapna jha\Downloads\PulseGuard-AI\backend\controllers\risk.controller.js:31:59
    at asyncUtilWrap (C:\Users\sapna jha\Downloads\PulseGuard-AI\backend\node_modules\express-async-handler\index.js:3:20)
    at Layer.handle [as handle_request] (C:\Users\sapna jha\Downloads\PulseGuard-AI\backend\node_modules\express\lib\router\layer.js:95:5)
    at next (C:\Users\sapna jha\Downloads\PulseGuard-AI\backend\node_modules\express\lib\router\route.js:149:13)
    at Route.dispatch (C:\Users\sapna jha\Downloads\PulseGuard-AI\backend\node_modules\express\lib\router\route.js:119:3)
    at Layer.handle [as handle_request] (C:\Users\sapna jha\Downloads\PulseGuard-AI\backend\node_modules\express\lib\router\layer.js:95:5)
    at C:\Users\sapna jha\Downloads\PulseGuard-AI\backend\node_modules\express\lib\router\index.js:284:15
    at router.process_params (C:\Users\sapna jha\Downloads\PulseGuard-AI\backend\node_modules\express\lib\router\index.js:346:12)
    at next (C:\Users\sapna jha\Downloads\PulseGuard-AI\backend\node_modules\express\lib\router\index.js:280:10)
    at router.handle (C:\Users\sapna jha\Downloads\PulseGuard-AI\backend\node_modules\express\lib\router\index.js:175:3)
[2026-07-24T14:01:26.475Z] ERROR: TypeError: Cannot read properties of undefined (reading 'id')
    at C:\Users\sapna jha\Downloads\PulseGuard-AI\backend\controllers\alert.controller.js:17:60
    at asyncUtilWrap (C:\Users\sapna jha\Downloads\PulseGuard-AI\backend\node_modules\express-async-handler\index.js:3:20)
    at Layer.handle [as handle_request] (C:\Users\sapna jha\Downloads\PulseGuard-AI\backend\node_modules\express\lib\router\layer.js:95:5)
    at next (C:\Users\sapna jha\Downloads\PulseGuard-AI\backend\node_modules\express\lib\router\route.js:149:13)
    at next (C:\Users\sapna jha\Downloads\PulseGuard-AI\backend\node_modules\express\lib\router\route.js:145:7)
    at Route.dispatch (C:\Users\sapna jha\Downloads\PulseGuard-AI\backend\node_modules\express\lib\router\route.js:119:3)
    at Layer.handle [as handle_request] (C:\Users\sapna jha\Downloads\PulseGuard-AI\backend\node_modules\express\lib\router\layer.js:95:5)
    at C:\Users\sapna jha\Downloads\PulseGuard-AI\backend\node_modules\express\lib\router\index.js:284:15
    at router.process_params (C:\Users\sapna jha\Downloads\PulseGuard-AI\backend\node_modules\express\lib\router\index.js:346:12)
    at next (C:\Users\sapna jha\Downloads\PulseGuard-AI\backend\node_modules\express\lib\router\index.js:280:10)
[2026-07-24T14:03:11.264Z] ERROR: TypeError: Cannot read properties of undefined (reading 'id')
    at C:\Users\sapna jha\Downloads\PulseGuard-AI\backend\controllers\risk.controller.js:31:59
    at asyncUtilWrap (C:\Users\sapna jha\Downloads\PulseGuard-AI\backend\node_modules\express-async-handler\index.js:3:20)
    at Layer.handle [as handle_request] (C:\Users\sapna jha\Downloads\PulseGuard-AI\backend\node_modules\express\lib\router\layer.js:95:5)
    at next (C:\Users\sapna jha\Downloads\PulseGuard-AI\backend\node_modules\express\lib\router\route.js:149:13)
    at Route.dispatch (C:\Users\sapna jha\Downloads\PulseGuard-AI\backend\node_modules\express\lib\router\route.js:119:3)
    at Layer.handle [as handle_request] (C:\Users\sapna jha\Downloads\PulseGuard-AI\backend\node_modules\express\lib\router\layer.js:95:5)
    at C:\Users\sapna jha\Downloads\PulseGuard-AI\backend\node_modules\express\lib\router\index.js:284:15
    at router.process_params (C:\Users\sapna jha\Downloads\PulseGuard-AI\backend\node_modules\express\lib\router\index.js:346:12)
    at next (C:\Users\sapna jha\Downloads\PulseGuard-AI\backend\node_modules\express\lib\router\index.js:280:10)
    at router.handle (C:\Users\sapna jha\Downloads\PulseGuard-AI\backend\node_modules\express\lib\router\index.js:175:3)
[2026-07-24T14:03:11.265Z] ERROR: TypeError: Cannot read properties of undefined (reading 'id')
    at C:\Users\sapna jha\Downloads\PulseGuard-AI\backend\controllers\alert.controller.js:17:60
    at asyncUtilWrap (C:\Users\sapna jha\Downloads\PulseGuard-AI\backend\node_modules\express-async-handler\index.js:3:20)
    at Layer.handle [as handle_request] (C:\Users\sapna jha\Downloads\PulseGuard-AI\backend\node_modules\express\lib\router\layer.js:95:5)
    at next (C:\Users\sapna jha\Downloads\PulseGuard-AI\backend\node_modules\express\lib\router\route.js:149:13)
    at next (C:\Users\sapna jha\Downloads\PulseGuard-AI\backend\node_modules\express\lib\router\route.js:145:7)
    at Route.dispatch (C:\Users\sapna jha\Downloads\PulseGuard-AI\backend\node_modules\express\lib\router\route.js:119:3)
    at Layer.handle [as handle_request] (C:\Users\sapna jha\Downloads\PulseGuard-AI\backend\node_modules\express\lib\router\layer.js:95:5)
    at C:\Users\sapna jha\Downloads\PulseGuard-AI\backend\node_modules\express\lib\router\index.js:284:15
    at router.process_params (C:\Users\sapna jha\Downloads\PulseGuard-AI\backend\node_modules\express\lib\router\index.js:346:12)
    at next (C:\Users\sapna jha\Downloads\PulseGuard-AI\backend\node_modules\express\lib\router\index.js:280:10)
[2026-07-24T14:03:11.267Z] ERROR: TypeError: Cannot read properties of undefined (reading 'id')
    at C:\Users\sapna jha\Downloads\PulseGuard-AI\backend\controllers\risk.controller.js:31:59
    at asyncUtilWrap (C:\Users\sapna jha\Downloads\PulseGuard-AI\backend\node_modules\express-async-handler\index.js:3:20)
    at Layer.handle [as handle_request] (C:\Users\sapna jha\Downloads\PulseGuard-AI\backend\node_modules\express\lib\router\layer.js:95:5)
    at next (C:\Users\sapna jha\Downloads\PulseGuard-AI\backend\node_modules\express\lib\router\route.js:149:13)
    at Route.dispatch (C:\Users\sapna jha\Downloads\PulseGuard-AI\backend\node_modules\express\lib\router\route.js:119:3)
    at Layer.handle [as handle_request] (C:\Users\sapna jha\Downloads\PulseGuard-AI\backend\node_modules\express\lib\router\layer.js:95:5)
    at C:\Users\sapna jha\Downloads\PulseGuard-AI\backend\node_modules\express\lib\router\index.js:284:15
    at router.process_params (C:\Users\sapna jha\Downloads\PulseGuard-AI\backend\node_modules\express\lib\router\index.js:346:12)
    at next (C:\Users\sapna jha\Downloads\PulseGuard-AI\backend\node_modules\express\lib\router\index.js:280:10)
    at router.handle (C:\Users\sapna jha\Downloads\PulseGuard-AI\backend\node_modules\express\lib\router\index.js:175:3)
[2026-07-24T14:03:11.268Z] ERROR: TypeError: Cannot read properties of undefined (reading 'id')
    at C:\Users\sapna jha\Downloads\PulseGuard-AI\backend\controllers\alert.controller.js:17:60
    at asyncUtilWrap (C:\Users\sapna jha\Downloads\PulseGuard-AI\backend\node_modules\express-async-handler\index.js:3:20)
    at Layer.handle [as handle_request] (C:\Users\sapna jha\Downloads\PulseGuard-AI\backend\node_modules\express\lib\router\layer.js:95:5)
    at next (C:\Users\sapna jha\Downloads\PulseGuard-AI\backend\node_modules\express\lib\router\route.js:149:13)
    at next (C:\Users\sapna jha\Downloads\PulseGuard-AI\backend\node_modules\express\lib\router\route.js:145:7)
    at Route.dispatch (C:\Users\sapna jha\Downloads\PulseGuard-AI\backend\node_modules\express\lib\router\route.js:119:3)
    at Layer.handle [as handle_request] (C:\Users\sapna jha\Downloads\PulseGuard-AI\backend\node_modules\express\lib\router\layer.js:95:5)
    at C:\Users\sapna jha\Downloads\PulseGuard-AI\backend\node_modules\express\lib\router\index.js:284:15
    at router.process_params (C:\Users\sapna jha\Downloads\PulseGuard-AI\backend\node_modules\express\lib\router\index.js:346:12)
    at next (C:\Users\sapna jha\Downloads\PulseGuard-AI\backend\node_modules\express\lib\router\index.js:280:10)
[2026-07-24T14:04:03.258Z] INFO: PulseGuard AI backend running in development mode on port 5000
[2026-07-24T14:04:05.502Z] INFO: PulseGuard AI backend running in development mode on port 5000
